Campaign Name,Channel,Target Age Group,Target Gender,Budget ($),Impressions,Clicks,CTR (%),Conversions,Conversion Rate (%),Revenue ($)
FashionPromo_9,TikTok,25-34,All,2185.43,63408,5738,9.05,355,6.19,17296.39
FashionPromo_10,Facebook,55+,Female,1201.98,13416,1412,10.53,87,6.21,10002.28
FashionPromo_15,Google Ads,35-44,Female,592.63,17422,1770,10.16,44,2.52,2280.04
FashionPromo_11,TikTok,45-54,Female,1325.32,21317,1443,6.77,66,4.6,4286.53
FashionPromo_4,TikTok,35-44,Female,3253.34,41609,1751,4.21,69,3.98,5846.26
FashionPromo_7,Instagram,35-44,Female,4033.29,56439,3758,6.66,230,6.13,8182.03
FashionPromo_10,Google Ads,18-24,Male,3233.95,43368,745,1.72,70,9.51,10211.31
FashionPromo_6,Google Ads,18-24,All,4137.79,66586,1378,2.07,96,7.0,7950.56
FashionPromo_6,Instagram,55+,All,1049.17,20882,288,1.38,26,9.14,1587.39
FashionPromo_3,Google Ads,25-34,All,3481.35,56517,3797,6.72,216,5.69,11271.43
FashionPromo_13,Instagram,18-24,Female,4863.13,124022,14051,11.33,1264,9.0,128609.47
FashionPromo_5,Google Ads,45-54,All,4648.43,54711,1728,3.16,16,0.93,1104.63
FashionPromo_20,Email,35-44,All,2249.05,34696,3511,10.12,136,3.89,8664.85
FashionPromo_15,Instagram,18-24,Female,2942.13,37713,3703,9.82,44,1.21,6530.76
FashionPromo_6,Google Ads,35-44,All,3975.1,55549,588,1.06,48,8.25,5511.5
FashionPromo_1,Email,55+,Female,3780.53,96121,1739,1.81,67,3.91,2941.59
FashionPromo_6,Google Ads,18-24,Female,4383.97,98490,4569,4.64,50,1.1,3365.89
FashionPromo_5,TikTok,18-24,All,1963.32,48282,3867,8.01,345,8.93,29899.7
FashionPromo_5,TikTok,25-34,All,1038.17,25191,2360,9.37,137,5.83,16784.7
FashionPromo_19,TikTok,25-34,Male,2722.08,55679,3173,5.7,23,0.74,987.78
FashionPromo_14,Facebook,45-54,All,641.43,14578,650,4.46,34,5.33,4722.87
FashionPromo_1,Email,18-24,Male,1621.82,29529,2749,9.31,73,2.67,2864.34
FashionPromo_16,Instagram,18-24,Female,1803.88,23855,2678,11.23,219,8.18,23215.85
FashionPromo_12,Instagram,55+,Female,4421.57,115285,3516,3.05,315,8.98,29837.14
FashionPromo_11,Instagram,35-44,Female,4133.48,115414,5193,4.5,80,1.55,4588.18
FashionPromo_9,Email,18-24,Female,2421.99,63844,6684,10.47,38,0.57,3469.01
FashionPromo_14,TikTok,25-34,All,2378.35,34348,796,2.32,29,3.71,4151.33
FashionPromo_19,Google Ads,18-24,All,1954.41,39822,3476,8.73,137,3.95,20086.1
FashionPromo_10,Email,18-24,Female,4831.01,72637,4699,6.47,157,3.36,10076.39
FashionPromo_9,TikTok,45-54,All,665.99,14779,965,6.53,9,0.99,570.94
FashionPromo_13,Instagram,18-24,Male,4587.2,67850,1757,2.59,90,5.15,13345.02
FashionPromo_20,TikTok,35-44,All,1589.25,37256,3494,9.38,96,2.76,11269.05
FashionPromo_2,Email,55+,Female,2155.02,48802,3889,7.97,217,5.59,8861.15
FashionPromo_4,Google Ads,35-44,Female,4258.86,69911,2132,3.05,18,0.89,1816.33
FashionPromo_19,Email,55+,All,3549.04,36667,2431,6.63,64,2.65,6874.93
FashionPromo_5,TikTok,45-54,Female,1284.65,30598,1606,5.25,150,9.4,6975.38
FashionPromo_20,Instagram,18-24,All,2034.8,24965,2788,11.17,246,8.83,14994.44
FashionPromo_10,Instagram,35-44,Female,3469.93,91413,6499,7.11,359,5.53,21189.0
FashionPromo_7,Google Ads,18-24,Female,918.96,25679,2799,10.9,182,6.51,12864.41
FashionPromo_17,TikTok,25-34,Female,2071.44,50789,5520,10.87,492,8.93,60803.85
FashionPromo_13,Instagram,55+,Female,3389.14,39594,1100,2.78,99,9.04,10174.38
FashionPromo_8,TikTok,55+,Female,541.39,6512,540,8.3,2,0.55,98.59
FashionPromo_18,TikTok,25-34,Female,2969.3,70781,5782,8.17,152,2.63,17550.15
FashionPromo_18,Email,55+,Female,1567.62,25878,2383,9.21,158,6.67,20841.28
FashionPromo_2,TikTok,35-44,Male,3459.26,73911,1500,2.03,59,3.99,3647.63
FashionPromo_7,Email,45-54,All,1597.95,47075,2504,5.32,224,8.97,23685.01
FashionPromo_6,Instagram,45-54,Female,4076.65,81748,6008,7.35,311,5.18,16616.47
FashionPromo_12,Instagram,35-44,Female,3751.03,58574,743,1.27,49,6.63,2511.41
FashionPromo_6,Email,45-54,Female,4732.06,137601,15218,11.06,611,4.02,19463.28
FashionPromo_2,Instagram,25-34,All,4677.43,86830,10098,11.63,974,9.65,128919.75
FashionPromo_16,Instagram,25-34,All,1825.02,32306,3346,10.36,117,3.51,5889.68
FashionPromo_3,Email,25-34,Female,3005.61,86330,7476,8.66,442,5.92,18414.24
FashionPromo_16,Facebook,18-24,Male,3267.53,97375,2473,2.54,134,5.42,18128.16
FashionPromo_5,TikTok,18-24,Male,3833.46,91774,8011,8.73,314,3.92,20482.54
FashionPromo_20,Google Ads,25-34,Female,4142.13,108533,11439,10.54,1050,9.18,95929.14
FashionPromo_15,Email,25-34,Male,2756.82,71583,5834,8.15,418,7.17,52456.96
FashionPromo_1,Instagram,55+,Male,4505.02,75503,3873,5.13,53,1.39,5267.86
FashionPromo_12,Email,18-24,All,661.74,12779,890,6.97,28,3.22,2825.2
FashionPromo_3,Google Ads,18-24,Male,637.25,6848,688,10.05,26,3.92,1176.43
FashionPromo_1,TikTok,55+,Female,2850.09,72391,2439,3.37,156,6.42,6277.7
FashionPromo_14,Email,45-54,Male,732.57,15110,1050,6.95,68,6.56,7964.91
FashionPromo_15,Email,35-44,Female,4891.33,99421,4523,4.55,364,8.05,22749.95
FashionPromo_17,Google Ads,25-34,Male,2475.37,28637,366,1.28,35,9.65,4561.12
FashionPromo_5,Email,25-34,Female,3631.88,66024,1921,2.91,38,1.99,2281.11
FashionPromo_2,Facebook,45-54,Male,2971.52,72183,5962,8.26,188,3.16,27181.76
FashionPromo_12,Facebook,35-44,Female,3820.54,80564,6227,7.73,279,4.49,16664.03
FashionPromo_4,TikTok,25-34,Female,2101.88,52876,613,1.16,9,1.6,319.68
FashionPromo_3,Google Ads,45-54,Female,683.28,18523,1618,8.74,80,5.0,3339.21
FashionPromo_20,Google Ads,18-24,Female,2712.27,52806,1536,2.91,70,4.62,5447.44
FashionPromo_20,Google Ads,25-34,Female,3271.33,74265,1113,1.5,45,4.06,4729.64
FashionPromo_6,Google Ads,35-44,Female,2764.11,74989,6186,8.25,126,2.05,4847.0
FashionPromo_1,Instagram,18-24,Male,3390.89,35706,2656,7.44,250,9.43,24764.23
FashionPromo_5,TikTok,35-44,Female,2246.76,51373,3102,6.04,176,5.68,25163.74
FashionPromo_20,Instagram,35-44,All,2237.46,65387,7166,10.96,169,2.36,6476.65
FashionPromo_13,Instagram,55+,Male,953.5,9882,201,2.04,14,6.99,539.6
FashionPromo_7,Email,35-44,Male,1935.39,52057,655,1.26,53,8.24,3382.6
FashionPromo_20,Email,25-34,Female,1031.74,24694,1955,7.92,172,8.84,20331.87
FashionPromo_4,Facebook,35-44,All,4115.66,64371,1898,2.95,144,7.63,18262.1
FashionPromo_11,Email,25-34,Female,4957.27,90481,4605,5.09,362,7.88,25664.51
FashionPromo_9,Instagram,25-34,Female,4688.41,127375,7285,5.72,555,7.63,66902.56
FashionPromo_19,Email,55+,Male,964.06,27042,1773,6.56,148,8.35,10124.08
FashionPromo_13,Facebook,55+,Male,4529.85,80559,902,1.12,82,9.1,3358.26
FashionPromo_11,Email,45-54,Female,1936.91,56172,6437,11.46,383,5.95,40529.24
FashionPromo_11,Email,55+,Male,2518.0,39946,1845,4.62,127,6.89,15276.19
FashionPromo_5,Google Ads,25-34,Female,4062.11,104771,2095,2.0,108,5.2,3985.96
FashionPromo_12,Google Ads,18-24,All,2972.88,55981,6023,10.76,230,3.83,10131.05
FashionPromo_12,Google Ads,35-44,Female,1143.46,28849,2250,7.8,32,1.46,1282.97
FashionPromo_13,TikTok,35-44,Male,3654.36,41861,4202,10.04,302,7.21,12008.08
FashionPromo_19,Facebook,55+,Female,881.77,26217,1342,5.12,53,4.02,6759.41
FashionPromo_3,TikTok,55+,Female,4762.62,141545,13149,9.29,535,4.07,21410.75
FashionPromo_9,Instagram,55+,Female,3997.16,84612,4797,5.67,437,9.11,18941.2
FashionPromo_8,Email,35-44,Female,2716.81,27785,1711,6.16,17,1.03,752.39
FashionPromo_7,Facebook,25-34,Male,1028.87,23647,2177,9.21,131,6.04,19055.35
FashionPromo_9,TikTok,55+,Female,2186.92,34365,3625,10.55,94,2.62,13685.15
FashionPromo_15,TikTok,18-24,Male,554.7,16306,239,1.47,21,8.97,1959.81
FashionPromo_19,TikTok,35-44,All,4968.34,57016,4042,7.09,392,9.71,36366.52
FashionPromo_8,Facebook,18-24,Female,3332.29,79691,4781,6.0,308,6.46,30836.26
FashionPromo_17,Google Ads,25-34,Male,4555.21,49692,2032,4.09,193,9.53,26408.51
FashionPromo_14,Facebook,55+,Female,2550.46,57137,2314,4.05,52,2.29,4453.48
FashionPromo_4,Instagram,18-24,Female,2090.09,45298,842,1.86,82,9.76,12164.31
FashionPromo_20,TikTok,25-34,All,3641.73,75463,3320,4.4,273,8.23,30621.79
FashionPromo_13,Google Ads,18-24,Male,1231.78,34759,3493,10.05,332,9.52,38872.67
FashionPromo_18,Facebook,25-34,All,3260.37,59876,6742,11.26,588,8.73,20830.63
FashionPromo_13,Facebook,25-34,Male,618.65,10844,1075,9.92,106,9.88,5093.3
FashionPromo_12,Facebook,55+,All,3173.59,55911,6524,11.67,554,8.5,72352.09
FashionPromo_11,Facebook,35-44,All,2609.12,47737,1914,4.01,19,1.04,2541.57
FashionPromo_1,Email,25-34,Male,4158.05,124718,14916,11.96,862,5.78,105404.06
FashionPromo_16,TikTok,18-24,Male,4751.45,128255,4771,3.72,228,4.78,10373.8
FashionPromo_17,Email,18-24,All,4793.23,106042,3732,3.52,256,6.88,26668.9
FashionPromo_4,Facebook,18-24,Male,2111.73,25913,2174,8.39,118,5.44,14476.03
FashionPromo_16,Instagram,45-54,Female,2840.74,76823,5431,7.07,316,5.83,42722.7
FashionPromo_13,Facebook,55+,Male,2315.67,29363,387,1.32,29,7.67,3028.68
FashionPromo_2,TikTok,25-34,Male,3668.36,52308,1307,2.5,8,0.64,576.56
FashionPromo_7,TikTok,25-34,All,3154.63,56293,3270,5.81,297,9.09,21321.82
FashionPromo_11,Instagram,25-34,Male,2812.95,72217,3870,5.36,248,6.41,33103.94
FashionPromo_7,TikTok,18-24,All,4772.84,61767,6911,11.19,357,5.18,21773.19
FashionPromo_11,Email,18-24,Female,2566.11,75958,4876,6.42,176,3.62,18657.43
FashionPromo_5,TikTok,25-34,Male,1580.66,18204,440,2.42,7,1.72,337.6
FashionPromo_4,Instagram,18-24,All,1124.72,25663,769,3.0,29,3.78,3990.82
FashionPromo_1,Facebook,45-54,Female,2632.83,61479,1782,2.9,41,2.33,1431.07
FashionPromo_6,Google Ads,18-24,Female,1260.21,19623,578,2.95,7,1.34,311.33
FashionPromo_11,TikTok,35-44,All,2573.5,36354,1821,5.01,96,5.28,10833.35
FashionPromo_6,Instagram,45-54,Female,676.9,17591,1391,7.91,17,1.28,2292.1
FashionPromo_17,TikTok,18-24,Female,4643.93,52112,2110,4.05,172,8.16,20604.08
FashionPromo_17,Email,25-34,Female,1330.34,18873,958,5.08,48,5.1,5001.15
FashionPromo_13,Email,45-54,Male,2160.11,41583,3833,9.22,32,0.85,1929.36
FashionPromo_1,Instagram,25-34,All,3710.07,103526,6863,6.63,381,5.56,16329.9
FashionPromo_4,TikTok,25-34,All,2513.36,51906,1904,3.67,58,3.06,4365.9
FashionPromo_18,Email,18-24,Male,590.32,9705,323,3.33,11,3.61,488.09
FashionPromo_8,Email,55+,All,4507.37,98584,8350,8.47,668,8.0,59995.13
FashionPromo_10,Google Ads,18-24,Male,891.14,18484,1378,7.46,104,7.58,8507.11
FashionPromo_6,TikTok,18-24,Male,1074.11,16837,840,4.99,55,6.64,5417.14
FashionPromo_1,Google Ads,45-54,Male,2102.44,62506,4787,7.66,131,2.75,5530.02
FashionPromo_9,Email,55+,Female,1187.87,17722,490,2.77,11,2.27,706.33
FashionPromo_16,Google Ads,55+,All,1280.18,35762,672,1.88,36,5.48,2852.91
FashionPromo_5,Google Ads,45-54,Female,4920.7,60233,3240,5.38,314,9.71,42032.31
FashionPromo_11,Email,45-54,All,4176.82,63312,1823,2.88,124,6.85,17549.11
FashionPromo_9,Email,45-54,Male,3005.43,64413,2628,4.08,205,7.81,10751.28
FashionPromo_11,Facebook,45-54,Male,1956.56,36213,2382,6.58,66,2.8,2889.51
FashionPromo_6,Email,45-54,All,3247.79,51226,3785,7.39,74,1.97,6492.52
FashionPromo_11,Email,18-24,All,2896.65,31968,1502,4.7,26,1.78,977.73
FashionPromo_14,Facebook,45-54,All,4954.82,81492,8075,9.91,235,2.92,26268.38
FashionPromo_8,Instagram,45-54,All,3921.03,85920,5318,6.19,234,4.41,16816.22
FashionPromo_16,Facebook,45-54,Male,4682.88,124622,14481,11.62,243,1.68,28602.1
FashionPromo_14,Google Ads,25-34,All,4722.53,64342,1113,1.73,83,7.54,8211.75
FashionPromo_11,Google Ads,18-24,Male,4288.23,54869,5349,9.75,129,2.42,6403.39
FashionPromo_8,Instagram,25-34,All,1239.2,32580,2710,8.32,148,5.47,10812.83
FashionPromo_7,TikTok,35-44,Female,4447.4,79381,7922,9.98,369,4.67,27761.1
FashionPromo_14,TikTok,25-34,Male,2582.06,41384,3815,9.22,201,5.28,11630.97
FashionPromo_12,Google Ads,25-34,All,4548.09,80400,5611,6.98,511,9.11,53608.27
FashionPromo_1,Instagram,18-24,Male,1026.04,29546,2334,7.9,85,3.68,3970.58
FashionPromo_11,Email,45-54,Male,4073.11,91243,6268,6.87,563,8.99,70167.63
FashionPromo_8,TikTok,25-34,Female,1182.54,19197,716,3.73,54,7.57,1837.29
FashionPromo_12,Google Ads,55+,Male,3064.5,77376,8232,10.64,308,3.75,39593.67
FashionPromo_16,Instagram,18-24,Male,997.84,26870,644,2.4,27,4.27,3393.24
FashionPromo_12,Google Ads,18-24,All,1174.63,17132,1531,8.94,112,7.34,11977.02
FashionPromo_13,Email,25-34,Female,3622.77,75551,2848,3.77,107,3.78,5541.71
FashionPromo_15,Google Ads,55+,Male,4588.03,99412,5378,5.41,262,4.89,37642.59
FashionPromo_4,Email,18-24,All,1190.08,25854,1696,6.56,107,6.31,3442.53
FashionPromo_17,Instagram,18-24,Female,4424.56,126729,9149,7.22,651,7.12,91595.65
FashionPromo_3,Instagram,25-34,Female,3682.57,48060,3527,7.34,220,6.26,17797.05
FashionPromo_11,Instagram,18-24,Male,3814.0,109413,12232,11.18,584,4.78,25455.72
FashionPromo_3,Google Ads,55+,Male,4931.79,132063,3129,2.37,289,9.25,38838.01
FashionPromo_18,TikTok,25-34,Male,2834.77,61870,3334,5.39,34,1.02,2387.6
FashionPromo_7,Facebook,45-54,Female,4112.84,41509,1938,4.67,82,4.28,7747.97
FashionPromo_1,Instagram,25-34,Female,4639.35,78529,3785,4.82,284,7.51,23931.59
FashionPromo_20,Email,25-34,Male,1510.72,28777,733,2.55,15,2.18,1347.06
FashionPromo_19,Email,25-34,Male,2385.16,67492,3367,4.99,202,6.02,21386.09
FashionPromo_2,Instagram,55+,Male,558.93,13006,384,2.96,36,9.63,1722.22
FashionPromo_8,Facebook,18-24,Female,2365.81,27696,3315,11.97,174,5.27,17651.64
FashionPromo_5,Google Ads,35-44,Male,801.84,20045,663,3.31,59,9.03,3222.39
FashionPromo_6,Facebook,45-54,All,1358.09,14573,902,6.19,52,5.87,1970.02
FashionPromo_8,Instagram,45-54,Female,3989.87,76069,5149,6.77,241,4.69,18820.07
FashionPromo_14,TikTok,35-44,All,3018.38,39555,1186,3.0,103,8.69,14783.99
FashionPromo_12,Email,25-34,Female,2179.89,33602,2715,8.08,118,4.38,3899.47
FashionPromo_2,Email,25-34,Female,1202.69,29248,2412,8.25,18,0.76,1019.46
FashionPromo_1,Email,35-44,Male,1539.84,36090,440,1.22,6,1.49,755.94
FashionPromo_15,Email,35-44,Male,1303.45,30050,1087,3.62,15,1.44,887.71
FashionPromo_18,Email,35-44,All,3750.2,101682,10300,10.13,439,4.27,48364.72
FashionPromo_9,Google Ads,45-54,Female,1422.43,22563,2450,10.86,15,0.62,603.92
FashionPromo_12,Instagram,25-34,Female,1435.49,15116,453,3.0,27,6.04,2175.42
FashionPromo_9,Email,35-44,Male,4517.02,119018,5665,4.76,167,2.96,12619.04
FashionPromo_1,Facebook,35-44,All,3156.33,48485,3815,7.87,167,4.39,16073.03
FashionPromo_3,TikTok,55+,All,2462.57,39128,4472,11.43,346,7.75,16197.5
FashionPromo_14,Email,45-54,Male,4408.11,87054,9436,10.84,764,8.1,61903.57
FashionPromo_12,Facebook,55+,All,601.11,9241,643,6.96,41,6.52,2498.81
FashionPromo_6,Google Ads,25-34,All,1127.1,30091,3559,11.83,195,5.49,9867.3
FashionPromo_9,Email,55+,All,1725.38,17888,1978,11.06,32,1.62,3173.82
FashionPromo_19,Email,35-44,Male,1733.25,36543,2985,8.17,250,8.38,13692.64
FashionPromo_12,Google Ads,35-44,Male,549.48,6999,762,10.9,67,8.8,6813.2
FashionPromo_3,Instagram,55+,Female,3202.33,74616,2186,2.93,200,9.19,16050.49
FashionPromo_17,Google Ads,18-24,All,2224.12,45323,688,1.52,14,2.08,1659.9
FashionPromo_1,Google Ads,45-54,Female,872.59,19251,712,3.7,29,4.2,1874.65
FashionPromo_17,TikTok,45-54,Female,2100.53,51212,2186,4.27,128,5.88,11152.13
FashionPromo_19,Google Ads,18-24,All,3486.52,100190,9077,9.06,230,2.54,7760.65
FashionPromo_11,Facebook,25-34,All,1680.19,36798,577,1.57,30,5.22,3048.63
FashionPromo_19,Google Ads,18-24,Male,2004.1,50940,1105,2.17,13,1.21,1525.97
FashionPromo_10,Email,55+,Female,2729.71,64879,3750,5.78,106,2.84,13598.98
FashionPromo_14,Facebook,18-24,All,4097.37,97902,3906,3.99,238,6.11,17449.41
FashionPromo_15,Instagram,25-34,All,912.12,25855,648,2.51,61,9.53,5094.76
FashionPromo_11,Instagram,45-54,Male,1333.1,27779,2944,10.6,219,7.46,27766.43
FashionPromo_16,Google Ads,35-44,All,3464.53,82613,8542,10.34,245,2.87,21739.09
FashionPromo_16,Instagram,55+,Male,1495.44,44494,5063,11.38,44,0.87,5045.44
FashionPromo_3,Instagram,18-24,Female,4663.62,63478,4602,7.25,423,9.2,14413.1
FashionPromo_1,Email,55+,Male,3638.39,58021,6480,11.17,630,9.73,90286.55
FashionPromo_6,Facebook,45-54,All,2633.96,71751,7383,10.29,260,3.53,33662.16
FashionPromo_1,Instagram,18-24,All,666.53,14613,515,3.53,8,1.65,313.88
FashionPromo_17,TikTok,25-34,All,3633.3,61030,5474,8.97,61,1.12,4137.93
FashionPromo_2,Instagram,18-24,Female,2927.71,75577,3408,4.51,219,6.45,29853.5
FashionPromo_6,Email,55+,Male,3271.38,47955,609,1.27,53,8.77,1725.27
FashionPromo_6,Facebook,35-44,All,4436.16,91290,10343,11.33,836,8.09,125192.75
FashionPromo_17,Instagram,55+,Female,2078.2,52669,2854,5.42,144,5.06,15163.29
FashionPromo_4,Facebook,35-44,All,4431.55,131535,12430,9.45,555,4.47,44712.38
FashionPromo_9,Instagram,25-34,Male,3819.12,56429,1252,2.22,48,3.87,3094.5
FashionPromo_9,TikTok,18-24,Female,1833.39,26899,392,1.46,2,0.67,297.05
FashionPromo_3,Facebook,55+,Male,2424.98,42889,3636,8.48,93,2.57,13391.57
FashionPromo_4,Email,55+,All,4038.55,47607,2661,5.59,235,8.85,33691.44
FashionPromo_17,Google Ads,25-34,All,2603.31,57971,1646,2.84,163,9.92,9421.5
FashionPromo_6,Email,18-24,Female,4742.29,109039,8385,7.69,450,5.37,25956.17
FashionPromo_10,Google Ads,35-44,Female,1294.38,18651,568,3.05,44,7.91,3168.66
FashionPromo_16,Instagram,45-54,All,760.29,22338,2394,10.72,222,9.31,33164.34
FashionPromo_14,Google Ads,35-44,Male,1282.53,22989,2147,9.34,152,7.11,7367.06
FashionPromo_14,Facebook,55+,Female,4171.25,60436,2091,3.46,117,5.6,11834.88
FashionPromo_10,Facebook,55+,Male,3110.39,36795,3918,10.65,118,3.02,5373.93
FashionPromo_14,Google Ads,18-24,All,4499.37,130990,13727,10.48,1124,8.19,122099.04
FashionPromo_16,Google Ads,18-24,Female,2978.86,34971,1919,5.49,77,4.04,4710.12
FashionPromo_3,Instagram,25-34,Male,3755.39,74798,1413,1.89,36,2.59,4031.68
FashionPromo_13,Google Ads,35-44,Male,842.59,22770,1468,6.45,74,5.07,7480.58
FashionPromo_3,Facebook,35-44,Female,4211.06,71403,6040,8.46,354,5.87,21963.36
FashionPromo_5,Email,45-54,All,4453.83,115570,9522,8.24,816,8.58,109405.45
FashionPromo_9,Instagram,45-54,Female,3687.63,98608,8549,8.67,595,6.96,62018.85
FashionPromo_13,Email,35-44,Male,3887.22,51202,5473,10.69,480,8.78,16084.64
FashionPromo_16,Google Ads,25-34,Female,4216.18,53028,2487,4.69,188,7.56,9266.74
FashionPromo_2,Email,55+,All,4180.85,111389,7329,6.58,41,0.56,2642.23
FashionPromo_9,Email,18-24,Female,3276.17,97052,7715,7.95,229,2.97,24292.48
FashionPromo_2,TikTok,25-34,All,2929.93,74997,1634,2.18,126,7.73,11963.95
FashionPromo_8,Instagram,55+,All,4833.46,81383,6478,7.96,605,9.35,25592.21
FashionPromo_19,Email,55+,All,4717.53,112077,1961,1.75,65,3.36,7473.74
FashionPromo_7,Email,25-34,Male,803.08,17381,834,4.8,53,6.4,1880.92
FashionPromo_2,Email,35-44,All,4421.92,130313,15194,11.66,1157,7.62,52771.17
FashionPromo_18,Google Ads,18-24,All,3912.18,41045,508,1.24,18,3.57,1595.47
FashionPromo_17,TikTok,55+,All,3966.83,93878,5538,5.9,171,3.1,25590.99
FashionPromo_2,Facebook,55+,Female,2417.82,46005,1288,2.8,103,8.05,11663.91
FashionPromo_16,Email,55+,Male,1493.46,17395,1476,8.49,99,6.72,6216.32
FashionPromo_16,Instagram,55+,All,4778.89,62226,3584,5.76,339,9.46,27244.51
FashionPromo_9,TikTok,25-34,Male,3373.37,60558,2434,4.02,239,9.85,18909.7
FashionPromo_14,Instagram,45-54,All,4523.45,66038,2205,3.34,17,0.8,1839.4
FashionPromo_17,TikTok,45-54,Male,2158.37,58895,3657,6.21,354,9.7,18501.12
FashionPromo_16,Google Ads,45-54,Male,4408.8,112565,10671,9.48,910,8.53,110403.82
FashionPromo_17,Instagram,25-34,All,3317.99,41889,569,1.36,52,9.25,5407.9
FashionPromo_8,Facebook,45-54,Female,4084.42,80178,1836,2.29,31,1.69,3480.3
FashionPromo_7,Instagram,18-24,Male,2436.38,34134,2187,6.41,24,1.11,2396.08
FashionPromo_3,Facebook,18-24,Female,1710.47,44388,1957,4.41,94,4.82,2951.08
FashionPromo_17,TikTok,55+,Female,826.01,14744,925,6.28,57,6.2,3704.97
FashionPromo_1,Instagram,25-34,All,3627.42,98674,9452,9.58,83,0.88,7275.85
FashionPromo_5,Google Ads,18-24,Male,972.19,14428,1709,11.85,31,1.85,2785.86
FashionPromo_14,Email,55+,All,3281.7,78922,5650,7.16,33,0.59,2282.79
FashionPromo_5,Email,35-44,All,2829.7,33269,1616,4.86,13,0.82,512.58
FashionPromo_17,Facebook,18-24,Male,2286.15,28929,2094,7.24,147,7.05,18532.35
FashionPromo_2,Email,25-34,All,1400.68,18698,402,2.15,26,6.55,2984.2
FashionPromo_13,Instagram,45-54,Male,642.14,18444,289,1.57,16,5.64,1841.4
FashionPromo_19,Google Ads,18-24,All,4419.36,107309,10537,9.82,391,3.72,49961.59
FashionPromo_5,TikTok,55+,Male,860.52,24005,1685,7.02,139,8.26,11714.67
FashionPromo_8,Email,18-24,Female,3396.1,69715,6309,9.05,80,1.28,2979.38
FashionPromo_17,Instagram,18-24,Female,1611.96,21263,2251,10.59,58,2.58,8532.02
FashionPromo_6,Facebook,25-34,All,2016.03,27503,2665,9.69,180,6.76,16161.03
FashionPromo_13,TikTok,35-44,Male,2999.14,73131,2566,3.51,255,9.97,37478.67
FashionPromo_13,TikTok,45-54,Male,3426.47,47939,4065,8.48,48,1.19,1616.56
FashionPromo_2,Google Ads,55+,All,1659.57,31950,3370,10.55,249,7.41,29662.07
FashionPromo_6,Facebook,18-24,All,2414.72,40853,2075,5.08,205,9.88,7136.69
FashionPromo_14,Google Ads,55+,Female,4401.64,94958,5526,5.82,408,7.39,36067.31
FashionPromo_3,TikTok,35-44,Female,4430.4,124113,6999,5.64,219,3.13,22136.97
FashionPromo_17,Facebook,35-44,All,4605.64,65461,5138,7.85,333,6.5,39285.2
FashionPromo_17,TikTok,35-44,Female,1092.05,26554,2920,11.0,64,2.21,3744.33
FashionPromo_11,Instagram,25-34,Male,4871.28,66344,6899,10.4,357,5.18,21301.38
FashionPromo_6,TikTok,18-24,All,4418.37,83534,5563,6.66,217,3.91,21950.44
FashionPromo_7,Google Ads,25-34,All,1235.86,22025,2568,11.66,75,2.95,8160.63
FashionPromo_16,Google Ads,35-44,All,1963.36,50005,1220,2.44,118,9.71,9965.66
FashionPromo_2,TikTok,45-54,All,1562.23,17918,514,2.87,27,5.44,1901.89
FashionPromo_20,Email,55+,Male,4229.98,78752,2945,3.74,187,6.36,21470.08
FashionPromo_9,TikTok,35-44,Male,1251.69,16713,233,1.4,17,7.5,1864.16
FashionPromo_10,TikTok,35-44,Male,2635.84,70860,6986,9.86,423,6.06,56763.45
FashionPromo_9,Google Ads,35-44,Male,1426.29,17455,692,3.97,7,1.04,656.18
FashionPromo_12,Instagram,35-44,Male,4714.73,50857,1190,2.34,57,4.8,8097.71
FashionPromo_12,Email,55+,Female,1922.7,38732,565,1.46,10,1.91,1483.96
FashionPromo_18,Instagram,25-34,Male,4843.03,48908,5609,11.47,368,6.57,49367.27
FashionPromo_3,Google Ads,18-24,Male,2546.33,51720,3299,6.38,225,6.84,10520.58
FashionPromo_4,Google Ads,18-24,Male,634.88,10258,897,8.75,21,2.42,2327.05
FashionPromo_14,Email,25-34,Female,4864.6,57781,4853,8.4,229,4.72,30726.55
FashionPromo_19,Instagram,55+,All,1297.17,30940,3162,10.22,299,9.47,33484.94
FashionPromo_4,Facebook,55+,Female,2737.29,61197,6462,10.56,382,5.92,12852.94
FashionPromo_1,TikTok,45-54,All,4689.27,111560,9415,8.44,240,2.55,26175.9
FashionPromo_3,Google Ads,35-44,Male,2272.39,52321,1135,2.17,76,6.75,11394.65
FashionPromo_1,TikTok,35-44,Male,716.95,21181,1160,5.48,101,8.77,12512.51
FashionPromo_5,Instagram,25-34,All,3051.57,75584,8057,10.66,349,4.34,24166.15
FashionPromo_8,TikTok,25-34,All,3504.17,91658,8606,9.39,695,8.08,57177.65
FashionPromo_7,Email,45-54,All,4180.25,51852,3624,6.99,19,0.55,1310.06
FashionPromo_19,Instagram,55+,All,2149.08,38518,3331,8.65,139,4.19,11654.21
FashionPromo_5,Facebook,45-54,Female,1568.95,27401,959,3.5,11,1.2,1126.55
FashionPromo_2,TikTok,25-34,All,3506.96,78520,4789,6.1,196,4.11,26185.61
FashionPromo_3,TikTok,35-44,All,2835.87,55536,710,1.28,26,3.74,1966.21
FashionPromo_3,Instagram,55+,All,2294.7,49573,3405,6.87,213,6.28,25940.42
FashionPromo_12,Instagram,18-24,Female,4158.44,101309,11660,11.51,78,0.67,4172.48
FashionPromo_2,Instagram,18-24,Male,534.03,12255,1333,10.88,37,2.81,5226.03
FashionPromo_2,TikTok,18-24,All,771.2,22124,1077,4.87,15,1.46,1324.57
FashionPromo_14,TikTok,25-34,All,1655.49,25986,1138,4.38,92,8.13,8712.34
FashionPromo_16,TikTok,55+,Female,1900.88,42212,3748,8.88,115,3.09,9156.98
FashionPromo_14,Google Ads,35-44,Male,1048.49,14283,1212,8.49,26,2.22,2418.51
FashionPromo_16,Email,45-54,Male,3690.71,44796,3243,7.24,95,2.94,13827.37
FashionPromo_15,Facebook,55+,All,2675.96,69895,4927,7.05,44,0.91,4663.04
FashionPromo_18,Facebook,55+,Female,4781.32,105343,10544,10.01,938,8.9,53812.66
FashionPromo_9,Facebook,55+,Male,1454.2,32311,1783,5.52,151,8.48,20838.42
FashionPromo_14,Instagram,45-54,Female,2090.4,30807,2954,9.59,91,3.11,11712.95
FashionPromo_12,Google Ads,25-34,Female,2406.82,56201,1152,2.05,74,6.43,6231.7
FashionPromo_7,TikTok,35-44,All,3139.74,41947,3821,9.11,332,8.7,18594.91
FashionPromo_11,TikTok,18-24,Female,930.72,9747,785,8.06,49,6.27,4684.58
FashionPromo_5,Facebook,45-54,Female,1543.76,27506,2073,7.54,108,5.22,16041.7
FashionPromo_17,Google Ads,25-34,Male,1113.98,26627,1451,5.45,66,4.57,7663.37
FashionPromo_15,TikTok,55+,Female,3615.96,107846,2599,2.41,38,1.49,4442.99
FashionPromo_11,Facebook,35-44,All,3102.74,48040,898,1.87,11,1.31,1510.33
FashionPromo_19,Email,45-54,Male,1363.4,22451,783,3.49,30,3.87,1149.93
FashionPromo_14,Facebook,25-34,All,2835.77,32192,3154,9.8,85,2.72,8058.12
FashionPromo_7,Instagram,35-44,All,4460.36,102666,7042,6.86,252,3.58,17629.98
FashionPromo_4,Email,18-24,All,3512.69,104968,8691,8.28,504,5.8,59309.74
FashionPromo_11,TikTok,35-44,All,2593.43,29053,2088,7.19,200,9.6,10207.27
FashionPromo_7,Google Ads,35-44,Male,3605.02,50537,3481,6.89,49,1.42,4118.18
FashionPromo_14,Google Ads,35-44,All,3902.73,66156,5497,8.31,443,8.06,62578.77
FashionPromo_15,Facebook,35-44,All,1555.89,27984,749,2.68,74,9.93,10451.77
FashionPromo_11,TikTok,25-34,All,2929.81,78638,5292,6.73,339,6.42,13795.58
FashionPromo_2,TikTok,55+,Male,3898.72,48945,4938,10.09,391,7.93,44984.3
FashionPromo_5,Facebook,55+,Female,662.72,10644,414,3.89,16,3.92,648.27
FashionPromo_11,Email,18-24,Female,4716.31,99401,4333,4.36,185,4.27,15477.9
FashionPromo_4,Google Ads,18-24,Female,3202.67,65057,7227,11.11,377,5.22,56195.23
FashionPromo_9,Google Ads,35-44,Male,4331.41,61376,6898,11.24,111,1.61,14218.43
FashionPromo_19,Facebook,25-34,Female,2212.8,60983,6433,10.55,524,8.16,65397.11
FashionPromo_3,TikTok,18-24,Female,1871.06,21738,1180,5.43,25,2.15,2834.85
FashionPromo_7,Google Ads,55+,All,2057.45,60719,4887,8.05,406,8.31,18636.6
FashionPromo_11,Email,35-44,Female,4379.07,124607,7925,6.36,496,6.26,60401.48
FashionPromo_17,Instagram,55+,Male,1286.77,25801,1390,5.39,26,1.89,1926.71
FashionPromo_13,Google Ads,35-44,Female,806.78,8484,211,2.49,20,9.65,1918.87
FashionPromo_19,Email,35-44,Male,4846.2,90381,4003,4.43,212,5.31,17541.18
FashionPromo_1,TikTok,45-54,All,975.49,22257,752,3.38,48,6.39,5185.16
FashionPromo_15,TikTok,35-44,All,1184.11,13293,1274,9.59,62,4.87,2292.74
FashionPromo_3,Google Ads,25-34,Female,4976.9,55520,4802,8.65,472,9.84,27707.16
FashionPromo_2,Facebook,18-24,Male,1140.12,14169,614,4.34,8,1.46,904.47
FashionPromo_6,TikTok,55+,Female,780.31,15753,1884,11.96,155,8.23,16093.08
FashionPromo_4,Email,25-34,Male,1878.14,42216,2870,6.8,130,4.55,5939.08
FashionPromo_14,TikTok,18-24,Female,4489.72,85285,2677,3.14,106,3.99,8447.73
FashionPromo_6,Instagram,45-54,Male,4223.92,104213,9858,9.46,59,0.6,4716.37
FashionPromo_4,Google Ads,45-54,Male,2666.05,27683,1068,3.86,82,7.72,3809.16
FashionPromo_19,Facebook,45-54,All,2908.9,41609,470,1.13,13,2.79,1912.36
FashionPromo_16,Facebook,55+,Female,4106.92,119887,7636,6.37,117,1.54,11203.35
FashionPromo_3,TikTok,18-24,Male,2544.7,68419,1423,2.08,73,5.14,3504.43
FashionPromo_6,Google Ads,45-54,Male,1961.04,48530,3028,6.24,123,4.07,9512.47
FashionPromo_15,Instagram,55+,All,2567.51,65985,7132,10.81,683,9.58,84984.6
FashionPromo_1,Email,35-44,Male,1919.33,45608,2649,5.81,77,2.92,10079.65
FashionPromo_8,Google Ads,25-34,Female,672.92,18865,1146,6.08,75,6.55,8184.19
FashionPromo_10,TikTok,25-34,Female,4528.03,102937,7977,7.75,90,1.13,8298.81
FashionPromo_2,Email,18-24,Male,1175.76,29098,1929,6.63,134,6.96,4690.1
FashionPromo_3,TikTok,18-24,Male,881.56,21445,383,1.79,4,1.18,125.81
FashionPromo_18,Facebook,18-24,Female,4804.26,118906,5814,4.89,193,3.32,13889.13
FashionPromo_4,Google Ads,18-24,Female,3985.94,92583,2814,3.04,60,2.15,2508.45
FashionPromo_18,Google Ads,45-54,All,3471.36,87781,3441,3.92,24,0.7,956.65
FashionPromo_19,Email,55+,Male,4855.37,77243,7307,9.46,469,6.43,35565.56
FashionPromo_5,TikTok,25-34,Female,1425.59,17716,1376,7.77,108,7.86,11585.0
FashionPromo_12,TikTok,18-24,Male,2886.36,31285,3644,11.65,294,8.09,19150.76
FashionPromo_12,Facebook,55+,Male,4909.87,108201,8017,7.41,610,7.61,77721.55
FashionPromo_13,TikTok,45-54,Female,3454.15,43390,2048,4.72,190,9.32,10821.24
FashionPromo_12,Google Ads,55+,Female,2174.75,40540,2363,5.83,149,6.32,21332.2
FashionPromo_13,Google Ads,35-44,Female,1583.12,19678,623,3.17,55,8.93,5912.35
FashionPromo_14,Google Ads,55+,All,1786.58,47020,4927,10.48,420,8.54,58913.9
FashionPromo_4,Facebook,45-54,Male,1635.08,41041,2491,6.07,211,8.5,24775.38
FashionPromo_5,Instagram,55+,Male,3994.01,92354,2724,2.95,154,5.68,22816.7
FashionPromo_17,Google Ads,18-24,All,4718.25,51256,1440,2.81,25,1.75,2927.94
FashionPromo_5,Google Ads,18-24,All,4180.03,59649,3912,6.56,332,8.49,39154.81
FashionPromo_6,Instagram,45-54,Female,2940.07,64113,4225,6.59,140,3.33,13692.37
FashionPromo_5,TikTok,18-24,Male,3599.98,98878,7910,8.0,611,7.73,30066.45
FashionPromo_9,Facebook,35-44,All,2577.01,26251,973,3.71,72,7.4,10729.24
FashionPromo_19,Email,45-54,All,946.3,17061,1671,9.8,40,2.44,3864.41
FashionPromo_12,TikTok,55+,Female,3798.82,84788,2602,3.07,100,3.88,12405.5
FashionPromo_6,TikTok,45-54,Female,2994.02,30253,2834,9.37,23,0.84,2748.23
FashionPromo_1,Facebook,18-24,Male,1411.16,41151,2078,5.05,75,3.61,3589.99
FashionPromo_17,Instagram,25-34,Female,1875.22,51630,6174,11.96,246,4.0,20622.99
FashionPromo_17,Instagram,25-34,Male,3749.32,103945,7816,7.52,329,4.22,26160.31
FashionPromo_5,Facebook,25-34,All,3630.28,36536,2857,7.82,110,3.88,13783.4
FashionPromo_11,Email,25-34,Male,918.46,19989,1257,6.29,82,6.6,3098.16
FashionPromo_8,Google Ads,18-24,All,3109.93,66022,4733,7.17,294,6.23,32685.79
FashionPromo_2,Email,55+,All,4122.45,63470,6397,10.08,334,5.23,13108.5
FashionPromo_15,Email,18-24,Male,763.48,12738,1226,9.63,88,7.22,10967.77
FashionPromo_11,Facebook,25-34,Male,2827.71,53172,1393,2.62,50,3.62,4104.12
FashionPromo_12,TikTok,55+,Female,898.7,12952,981,7.58,73,7.49,10935.52
FashionPromo_9,TikTok,18-24,All,4699.01,107378,6045,5.63,395,6.54,49089.89
FashionPromo_9,Facebook,55+,Male,1032.51,18789,1923,10.24,79,4.15,7791.35
FashionPromo_20,Email,25-34,Female,3144.96,43053,2144,4.98,78,3.68,2585.2
FashionPromo_10,Email,35-44,Male,608.86,16216,648,4.0,35,5.42,2304.65
FashionPromo_9,Google Ads,45-54,Female,4733.06,71875,4118,5.73,361,8.79,47302.56
FashionPromo_13,Email,35-44,All,1337.46,34844,2104,6.04,107,5.09,4923.88
FashionPromo_13,TikTok,55+,All,862.71,21187,1368,6.46,63,4.65,7405.08
FashionPromo_5,Instagram,25-34,All,3944.81,51985,4008,7.71,71,1.79,8531.72
FashionPromo_13,Google Ads,45-54,All,3456.3,100689,1772,1.76,18,1.04,1149.52
FashionPromo_3,Email,25-34,Female,1677.68,25063,2749,10.97,78,2.87,4885.45
FashionPromo_4,Google Ads,45-54,All,3917.29,74408,7098,9.54,79,1.12,6992.17
FashionPromo_14,Google Ads,18-24,All,651.26,7328,803,10.97,14,1.82,1314.47
FashionPromo_4,TikTok,45-54,Female,2349.93,39823,4340,10.9,30,0.71,3289.64
FashionPromo_20,Facebook,25-34,Female,4835.27,102523,11595,11.31,115,1.0,9229.35
FashionPromo_8,Instagram,45-54,Female,1670.71,41126,4848,11.79,142,2.94,15407.14
FashionPromo_19,Google Ads,45-54,All,1391.44,29646,1808,6.1,175,9.73,18029.07
FashionPromo_18,TikTok,55+,Male,2072.78,25457,677,2.66,17,2.64,1021.97
FashionPromo_7,Facebook,55+,Male,4327.77,91854,6209,6.76,98,1.59,13055.24
FashionPromo_6,TikTok,25-34,Female,3752.66,42605,3744,8.79,211,5.66,8399.29
FashionPromo_17,Google Ads,45-54,All,2562.35,50462,1423,2.82,134,9.48,17687.6
FashionPromo_3,Instagram,55+,Female,3510.6,67564,3736,5.53,249,6.68,23767.5
FashionPromo_14,Facebook,35-44,All,780.23,15799,1559,9.87,75,4.86,2717.61
FashionPromo_10,Instagram,25-34,All,4038.25,56645,2175,3.84,44,2.06,3063.54
FashionPromo_5,TikTok,25-34,All,3905.38,79621,2587,3.25,228,8.84,30905.36
FashionPromo_2,Instagram,45-54,All,4417.6,65274,3890,5.96,383,9.86,46971.69
FashionPromo_19,TikTok,55+,Female,622.25,7033,429,6.1,39,9.14,3691.12
FashionPromo_15,Email,18-24,Male,2740.16,33181,2727,8.22,226,8.31,17096.99
FashionPromo_3,Instagram,55+,Female,3990.25,116872,3786,3.24,207,5.47,13342.51
FashionPromo_6,Facebook,35-44,All,4067.84,87669,6995,7.98,565,8.08,43796.8
FashionPromo_14,Google Ads,35-44,All,4617.91,95408,2614,2.74,185,7.11,23160.4
FashionPromo_15,TikTok,25-34,All,1925.43,52263,5733,10.97,179,3.13,26496.04
FashionPromo_2,Facebook,35-44,All,1133.2,15910,482,3.03,43,8.99,4666.15
FashionPromo_17,TikTok,55+,All,1184.47,22275,1730,7.77,22,1.29,2989.58
FashionPromo_12,TikTok,18-24,All,4116.22,82753,9632,11.64,430,4.47,63680.09
FashionPromo_14,Facebook,55+,Female,3505.64,79554,2251,2.83,199,8.88,16178.45
FashionPromo_4,Google Ads,35-44,Male,1230.05,12610,902,7.16,49,5.51,5699.8
FashionPromo_5,Email,45-54,Female,4506.16,52217,4725,9.05,107,2.28,14228.99
FashionPromo_2,Google Ads,25-34,Female,4185.79,87130,7676,8.81,267,3.49,23106.22
FashionPromo_6,Instagram,25-34,Male,4197.37,80527,3978,4.94,206,5.2,26654.32
FashionPromo_16,Instagram,18-24,Male,2008.44,27064,2389,8.83,199,8.35,8373.22
FashionPromo_17,Instagram,25-34,Female,1579.43,20278,979,4.83,46,4.78,5513.52
FashionPromo_1,Facebook,55+,Female,3430.16,76899,3752,4.88,318,8.49,27524.32
FashionPromo_3,Email,18-24,Female,4905.97,111281,2659,2.39,184,6.92,12698.3
FashionPromo_19,TikTok,35-44,All,3588.47,40882,1193,2.92,102,8.63,5840.68
FashionPromo_11,Email,25-34,All,4266.69,66498,5366,8.07,380,7.09,34777.06
FashionPromo_4,Instagram,25-34,Male,1873.9,26708,365,1.37,12,3.39,1300.55
FashionPromo_16,TikTok,55+,All,4722.37,129506,12212,9.43,975,7.99,107053.23
FashionPromo_20,Facebook,35-44,All,1671.29,47036,3941,8.38,229,5.82,9919.99
FashionPromo_14,Email,55+,All,2511.75,48243,5070,10.51,288,5.69,21786.64
FashionPromo_3,Instagram,18-24,Female,4895.6,59796,3378,5.65,30,0.9,3563.65
FashionPromo_19,Email,45-54,Female,4631.34,72252,7543,10.44,247,3.28,34405.23
FashionPromo_11,Facebook,18-24,Female,3892.83,101595,1219,1.2,117,9.65,13712.46
FashionPromo_5,Email,25-34,Female,1871.38,49756,2039,4.1,179,8.79,7788.23
FashionPromo_11,Google Ads,35-44,Female,3666.59,76316,1572,2.06,44,2.8,1385.49
FashionPromo_16,Google Ads,55+,Female,2609.46,41817,3169,7.58,105,3.32,6928.98
FashionPromo_14,Google Ads,25-34,Male,3844.37,42145,4606,10.93,396,8.6,43614.08
FashionPromo_17,Facebook,45-54,All,3169.5,88258,2683,3.04,33,1.25,1938.46
FashionPromo_6,Email,55+,Male,4075.6,43582,3229,7.41,321,9.96,42591.41
FashionPromo_3,Facebook,35-44,All,2846.51,32088,3256,10.15,201,6.19,8802.18
FashionPromo_18,TikTok,18-24,All,922.36,26003,2173,8.36,182,8.38,24656.9
FashionPromo_5,TikTok,45-54,Male,3072.98,62531,3583,5.73,125,3.51,10268.94
FashionPromo_13,TikTok,25-34,Female,3982.46,87767,9496,10.82,447,4.71,45974.29
FashionPromo_17,Email,18-24,All,3340.88,72944,6368,8.73,175,2.76,16009.64
FashionPromo_16,Google Ads,35-44,All,969.01,17142,1090,6.36,73,6.7,10516.65
FashionPromo_3,TikTok,25-34,Female,3202.93,79662,5233,6.57,341,6.52,13132.55
FashionPromo_6,Instagram,35-44,Male,1644.76,28350,1757,6.2,16,0.93,748.85
FashionPromo_6,Instagram,35-44,All,1745.66,51375,2383,4.64,121,5.08,6477.34
FashionPromo_7,Instagram,45-54,All,3248.51,50721,1663,3.28,89,5.41,2728.8
FashionPromo_7,TikTok,25-34,All,534.49,7686,107,1.4,1,1.53,70.66
FashionPromo_18,Email,25-34,All,4111.64,88157,5853,6.64,192,3.29,27227.61
FashionPromo_15,Instagram,35-44,Male,2286.57,26848,2091,7.79,33,1.58,2357.08
FashionPromo_6,Email,35-44,All,2783.35,76498,4918,6.43,352,7.17,52496.58
FashionPromo_20,Facebook,55+,Female,1091.7,16915,903,5.34,40,4.51,3172.9
FashionPromo_18,Google Ads,18-24,Female,4584.25,111308,8559,7.69,294,3.44,37883.32
FashionPromo_20,Instagram,45-54,All,4797.77,126776,1293,1.02,84,6.55,3035.44
FashionPromo_4,Google Ads,18-24,Female,1659.23,18567,1418,7.64,99,7.02,4330.11
FashionPromo_7,Google Ads,45-54,Male,2227.27,42595,2155,5.06,35,1.65,2809.58
FashionPromo_1,Google Ads,35-44,All,3880.3,44313,833,1.88,32,3.87,4576.23
FashionPromo_13,Instagram,55+,All,3508.58,82709,4118,4.98,252,6.14,7866.37
FashionPromo_16,Instagram,18-24,Male,3362.43,95041,7356,7.74,647,8.8,75619.27
FashionPromo_5,Google Ads,45-54,Female,1042.51,29241,505,1.73,28,5.57,1317.58
FashionPromo_8,TikTok,55+,All,552.68,10191,433,4.25,22,5.12,2183.81
FashionPromo_2,Facebook,18-24,Female,696.83,8682,620,7.15,23,3.76,2702.52
FashionPromo_9,Google Ads,25-34,All,3435.31,92451,7969,8.62,364,4.58,40315.18
FashionPromo_20,TikTok,55+,All,1739.22,28047,2714,9.68,128,4.74,16103.12
FashionPromo_8,Google Ads,25-34,All,4200.9,114059,12637,11.08,580,4.59,39593.13
FashionPromo_16,Google Ads,25-34,All,3119.89,54359,4136,7.61,297,7.2,33444.75
FashionPromo_16,Google Ads,18-24,Female,2185.49,29148,1673,5.74,30,1.85,4104.35
FashionPromo_13,Email,25-34,All,2056.45,26917,344,1.28,22,6.64,2341.42
FashionPromo_9,Google Ads,55+,Male,2032.72,23242,1280,5.51,44,3.46,4895.2
FashionPromo_12,Google Ads,55+,Male,3226.01,55783,1896,3.4,187,9.89,15797.8
FashionPromo_10,TikTok,35-44,All,3597.23,46084,2921,6.34,22,0.76,1994.4
FashionPromo_10,Google Ads,45-54,Female,4838.08,85557,1223,1.43,9,0.79,689.03
FashionPromo_12,Instagram,18-24,Male,1220.11,12770,1190,9.32,57,4.86,3688.43
FashionPromo_6,Email,55+,Male,4550.37,56073,6459,11.52,224,3.48,30600.29
FashionPromo_12,Google Ads,35-44,All,3213.24,85260,10077,11.82,326,3.24,47379.62
FashionPromo_6,Facebook,45-54,Female,2252.67,39895,1891,4.74,106,5.64,5140.72
FashionPromo_2,Instagram,25-34,Female,2991.7,62329,5846,9.38,492,8.42,40763.66
FashionPromo_17,TikTok,18-24,Female,1860.5,28254,887,3.14,9,1.05,639.84
FashionPromo_8,TikTok,25-34,Female,1716.11,50330,3588,7.13,136,3.8,13553.23
FashionPromo_2,Facebook,45-54,Female,1126.39,21267,1677,7.89,86,5.14,6726.36
FashionPromo_10,Facebook,45-54,All,4972.32,137267,10789,7.86,637,5.91,66553.29
FashionPromo_9,Instagram,18-24,All,1405.9,25169,359,1.43,18,5.02,1712.93
FashionPromo_2,Email,45-54,Female,1524.87,44649,4911,11.0,361,7.36,33936.31
FashionPromo_11,Instagram,55+,Female,4414.86,55684,5401,9.7,91,1.69,11402.78
FashionPromo_5,Instagram,55+,Male,1740.95,47948,5456,11.38,104,1.91,8894.19
FashionPromo_2,Facebook,25-34,All,4914.44,96657,10148,10.5,618,6.09,46374.47
FashionPromo_11,TikTok,25-34,Male,1786.03,25119,2356,9.38,98,4.17,8952.6
FashionPromo_17,Facebook,18-24,Male,2715.46,58506,6154,10.52,604,9.82,47661.7
FashionPromo_19,Email,35-44,All,4223.84,106823,7808,7.31,748,9.58,40434.59
FashionPromo_18,Facebook,55+,Male,991.69,26854,1565,5.83,133,8.55,18243.72
FashionPromo_10,Facebook,35-44,Male,781.06,21611,1281,5.93,68,5.35,7152.99
FashionPromo_7,Instagram,55+,Female,4668.72,48472,3029,6.25,212,7.03,24745.67
FashionPromo_11,Instagram,35-44,Male,3616.4,45887,1968,4.29,76,3.91,9616.47
FashionPromo_4,Instagram,18-24,All,1754.42,24937,2875,11.53,16,0.58,2395.82
FashionPromo_12,Facebook,25-34,All,3545.7,94207,3994,4.24,25,0.64,2963.61
FashionPromo_19,Google Ads,18-24,All,4253.65,105531,2712,2.57,207,7.66,25310.04
FashionPromo_12,TikTok,45-54,Female,3463.43,87702,9042,10.31,572,6.33,23241.83
FashionPromo_11,Instagram,25-34,Male,2694.33,31127,1705,5.48,74,4.37,2806.17
FashionPromo_12,Facebook,45-54,Female,2069.69,25291,2501,9.89,237,9.5,9166.68
FashionPromo_3,Email,18-24,Male,4798.02,98126,4219,4.3,51,1.23,4593.82
FashionPromo_16,TikTok,35-44,Male,4075.32,98385,1524,1.55,18,1.19,1410.21
FashionPromo_7,Facebook,45-54,All,1828.81,26787,1095,4.09,89,8.13,12594.16
FashionPromo_17,Instagram,45-54,Female,2322.96,65326,2965,4.54,149,5.03,8511.4
FashionPromo_6,Google Ads,18-24,Male,3382.14,100042,7643,7.64,298,3.9,32105.95
FashionPromo_18,Instagram,25-34,Female,1053.14,29249,1909,6.53,91,4.77,9127.64
FashionPromo_7,TikTok,25-34,Male,3311.53,37869,3222,8.51,90,2.8,10410.69
FashionPromo_12,Email,18-24,All,4201.41,109569,7757,7.08,421,5.44,19848.09
FashionPromo_10,Email,55+,Male,3989.06,61543,3975,6.46,127,3.2,5849.54
FashionPromo_12,Email,18-24,Female,3333.01,36951,3414,9.24,120,3.52,3601.94
FashionPromo_4,TikTok,18-24,All,2800.08,30624,1237,4.04,89,7.22,3339.53
FashionPromo_4,TikTok,45-54,Male,4277.02,43096,1603,3.72,120,7.54,8154.29
FashionPromo_16,Facebook,35-44,All,958.52,16491,654,3.97,55,8.51,3718.1
FashionPromo_12,TikTok,25-34,Male,4050.2,112747,6505,5.77,594,9.14,44715.23
FashionPromo_9,Email,55+,Female,4838.35,57023,4881,8.56,253,5.19,19359.02
FashionPromo_19,Facebook,18-24,Female,3347.2,80591,846,1.05,17,2.09,1964.61
FashionPromo_8,Google Ads,25-34,All,3498.73,102586,9612,9.37,916,9.53,104703.25
FashionPromo_15,Instagram,55+,Female,1841.23,22292,2140,9.6,141,6.62,5045.31
FashionPromo_13,TikTok,35-44,All,2120.23,61775,4015,6.5,185,4.61,15710.93
FashionPromo_9,Instagram,45-54,All,1439.97,25018,1268,5.07,12,1.0,1465.3
FashionPromo_14,Facebook,35-44,Male,2374.27,62784,6498,10.35,163,2.51,17747.83
FashionPromo_3,Instagram,45-54,Female,2625.27,72465,2442,3.37,169,6.94,17395.21
FashionPromo_16,TikTok,25-34,Male,1828.86,23285,1902,8.17,143,7.52,9706.17
FashionPromo_14,Email,25-34,Male,3401.75,60900,5389,8.85,128,2.39,17513.7
FashionPromo_12,Instagram,55+,Female,1793.34,31124,510,1.64,7,1.56,643.32
FashionPromo_17,TikTok,55+,All,1704.17,45517,527,1.16,21,4.1,1480.11
FashionPromo_3,Email,18-24,Male,586.97,7329,406,5.55,21,5.18,1648.81
FashionPromo_18,Google Ads,25-34,Male,2889.22,63281,702,1.11,34,4.91,4951.08
FashionPromo_2,Email,18-24,Female,2835.65,66781,2958,4.43,232,7.85,28478.13
FashionPromo_18,Instagram,35-44,Female,2845.83,84009,1999,2.38,13,0.66,1591.45
FashionPromo_8,Google Ads,18-24,Female,4132.2,51256,2009,3.92,13,0.67,847.56
FashionPromo_18,Google Ads,25-34,Female,3979.14,81012,3912,4.83,157,4.03,4735.5
FashionPromo_18,Email,18-24,Male,1849.1,42398,4969,11.72,424,8.55,13920.51
FashionPromo_19,TikTok,45-54,All,4543.52,116604,11170,9.58,541,4.85,42068.5
FashionPromo_18,Facebook,35-44,All,1863.12,21079,739,3.51,20,2.84,1761.78
FashionPromo_11,Google Ads,25-34,All,3863.5,75246,1234,1.64,118,9.6,16888.98
FashionPromo_1,Instagram,18-24,Female,4033.35,120300,8408,6.99,811,9.65,31687.88
FashionPromo_8,TikTok,45-54,Female,2145.56,31126,980,3.15,18,1.84,1884.41
FashionPromo_6,Instagram,25-34,Male,4015.95,86607,2269,2.62,186,8.21,19774.51
FashionPromo_3,Google Ads,25-34,All,2246.75,52759,2036,3.86,76,3.78,10647.47
FashionPromo_7,Instagram,45-54,All,1807.27,35060,3782,10.79,273,7.22,10227.78
FashionPromo_13,Facebook,25-34,Female,1162.86,11810,937,7.94,44,4.75,2028.97
FashionPromo_3,TikTok,25-34,Female,4810.7,99067,3625,3.66,190,5.26,21195.34
FashionPromo_17,Instagram,45-54,Female,843.08,13062,1290,9.88,62,4.87,5926.53
FashionPromo_4,TikTok,45-54,Female,2447.67,26625,750,2.82,35,4.73,1928.58
FashionPromo_13,TikTok,18-24,All,724.91,19480,2296,11.79,184,8.03,24371.57
FashionPromo_17,Facebook,25-34,Male,1588.9,46415,1471,3.17,140,9.54,20912.96
FashionPromo_9,Instagram,25-34,Male,3702.75,109686,7963,7.26,236,2.97,19455.72
FashionPromo_4,Instagram,55+,Female,3171.02,36345,2853,7.85,280,9.82,14787.62
FashionPromo_12,Google Ads,45-54,Male,4066.68,114509,13031,11.38,1253,9.62,115996.67
FashionPromo_12,Email,18-24,All,4897.89,123163,3423,2.78,172,5.03,19986.36
FashionPromo_10,TikTok,35-44,Male,1613.03,36796,3065,8.33,62,2.05,6064.23
FashionPromo_12,Google Ads,35-44,All,3972.32,79358,896,1.13,5,0.59,364.22
FashionPromo_18,Instagram,55+,Female,4667.87,68027,5428,7.98,141,2.61,9672.66
FashionPromo_13,Instagram,45-54,Female,4316.19,106079,2174,2.05,99,4.57,3316.54
FashionPromo_12,TikTok,18-24,Male,2664.01,61934,1424,2.3,46,3.24,3576.06
FashionPromo_20,TikTok,25-34,Male,4637.89,138511,2063,1.49,159,7.73,11862.5
FashionPromo_19,TikTok,35-44,All,2266.06,56844,6309,11.1,601,9.53,59652.08
FashionPromo_7,Email,35-44,Female,2107.05,54258,2040,3.76,119,5.86,8690.5
FashionPromo_6,Email,45-54,Male,3454.84,51159,1591,3.11,146,9.22,6163.6
FashionPromo_7,Email,45-54,Male,2776.81,40033,572,1.43,4,0.84,204.11
FashionPromo_10,TikTok,18-24,Male,4400.47,68865,7891,11.46,475,6.03,39137.01
FashionPromo_9,Email,45-54,Female,3110.4,63246,5913,9.35,188,3.18,13604.82
FashionPromo_7,TikTok,55+,Male,4523.42,130858,14158,10.82,634,4.48,78390.21
FashionPromo_2,Facebook,18-24,Female,2643.51,52740,1714,3.25,104,6.12,5442.98
FashionPromo_7,Instagram,35-44,Female,1992.04,53985,1770,3.28,20,1.18,765.62
FashionPromo_9,Instagram,45-54,Male,4733.53,95325,5242,5.5,429,8.2,55898.32
FashionPromo_17,TikTok,35-44,Female,1994.86,47622,4514,9.48,303,6.72,14602.0
FashionPromo_9,Google Ads,25-34,All,4441.47,92302,3793,4.11,172,4.54,5935.47
FashionPromo_17,TikTok,18-24,Female,1075.4,27219,272,1.0,12,4.46,1112.41
FashionPromo_6,Instagram,45-54,Female,745.85,21973,766,3.49,25,3.39,1661.83
FashionPromo_7,Facebook,55+,Female,1536.87,15414,1390,9.02,134,9.69,7626.64
FashionPromo_18,Google Ads,55+,Male,3483.71,86528,8938,10.33,403,4.51,26739.74
FashionPromo_12,Google Ads,55+,Male,1963.83,47627,4753,9.98,105,2.23,7823.86
FashionPromo_16,Instagram,18-24,Male,4558.73,119137,14093,11.83,1080,7.67,83358.1
FashionPromo_20,Google Ads,55+,Male,3157.87,73326,1363,1.86,77,5.67,8864.12
FashionPromo_4,Instagram,45-54,Male,1252.95,32091,2381,7.42,227,9.55,7965.58
FashionPromo_14,TikTok,55+,All,1693.97,37319,1589,4.26,115,7.29,13924.27
FashionPromo_17,Instagram,25-34,Female,961.32,19492,1286,6.6,51,4.01,7239.5
FashionPromo_8,Google Ads,35-44,All,4223.78,101134,8960,8.86,438,4.89,61547.47
FashionPromo_9,TikTok,18-24,All,3625.68,89117,9339,10.48,289,3.1,36659.22
FashionPromo_7,Facebook,45-54,All,1378.58,23307,1093,4.69,107,9.8,14207.94
FashionPromo_7,Email,18-24,All,3655.26,89704,6440,7.18,611,9.5,54715.69
FashionPromo_17,TikTok,35-44,Male,2212.33,29337,2831,9.65,211,7.48,16061.87
FashionPromo_3,Instagram,55+,Male,613.37,16426,185,1.13,13,7.19,1903.6
FashionPromo_19,TikTok,45-54,Female,2469.48,36300,3176,8.75,262,8.26,25039.77
FashionPromo_12,Google Ads,25-34,All,4851.66,53530,3506,6.55,256,7.33,34180.32
FashionPromo_10,TikTok,35-44,All,1306.65,33972,2405,7.08,102,4.27,4672.19
FashionPromo_6,TikTok,25-34,Female,4393.83,57758,2547,4.41,83,3.26,11169.28
FashionPromo_13,TikTok,18-24,All,3527.16,91472,3439,3.76,221,6.44,21792.7
FashionPromo_9,Google Ads,55+,Female,4247.74,119453,1349,1.13,93,6.9,3368.49
FashionPromo_19,Google Ads,18-24,Female,2969.86,46783,2044,4.37,78,3.85,8155.3
FashionPromo_18,Google Ads,55+,Male,2003.22,49387,2691,5.45,30,1.15,3721.54
FashionPromo_16,Instagram,35-44,Male,1785.91,33316,2845,8.54,104,3.66,3826.19
FashionPromo_18,TikTok,45-54,All,2182.64,63054,5082,8.06,349,6.88,36949.98
FashionPromo_19,Instagram,25-34,All,1395.46,25629,2373,9.26,34,1.46,2153.64
FashionPromo_7,Instagram,55+,Male,1743.44,32498,3828,11.78,43,1.14,3966.5
FashionPromo_14,Facebook,25-34,Female,1307.14,38447,865,2.25,37,4.33,4386.21
FashionPromo_18,Facebook,25-34,Female,3670.49,67737,3258,4.81,139,4.28,8578.13
FashionPromo_6,Google Ads,25-34,All,1424.0,27996,1105,3.95,35,3.23,3808.38
FashionPromo_1,Facebook,55+,Female,4858.42,107238,1983,1.85,24,1.22,3460.1
FashionPromo_5,Email,45-54,Female,1837.81,21762,1651,7.59,105,6.42,11321.16
FashionPromo_3,Facebook,25-34,All,1703.31,17547,2038,11.62,58,2.88,6445.14
FashionPromo_2,Instagram,45-54,All,3679.83,81692,3627,4.44,111,3.08,11290.94
FashionPromo_10,Email,25-34,Female,4397.43,127238,2748,2.16,54,1.97,7741.89
FashionPromo_15,Facebook,45-54,Male,3814.41,105506,3407,3.23,207,6.08,23626.31
FashionPromo_15,TikTok,45-54,All,3560.5,64669,756,1.17,45,6.04,2716.75
FashionPromo_8,TikTok,18-24,Female,2526.14,73641,3969,5.39,336,8.48,17681.96
FashionPromo_19,Instagram,35-44,Female,3526.07,104160,2208,2.12,12,0.58,984.36
FashionPromo_8,Facebook,18-24,All,916.81,22890,2531,11.06,116,4.62,7081.27
FashionPromo_18,Google Ads,45-54,Female,2454.81,60066,660,1.1,40,6.1,4143.8
FashionPromo_8,Google Ads,18-24,Male,3369.6,50006,4425,8.85,60,1.37,3234.75
FashionPromo_16,Google Ads,45-54,Male,4448.62,110212,1267,1.15,36,2.86,2006.24
FashionPromo_6,TikTok,55+,All,1718.63,25695,434,1.69,21,4.86,2476.49
FashionPromo_9,Email,45-54,Female,3230.29,75774,1432,1.89,136,9.54,17764.19
FashionPromo_3,Google Ads,45-54,Male,4122.91,109090,12283,11.26,696,5.67,37607.55
FashionPromo_9,TikTok,25-34,Male,3275.53,81421,7425,9.12,404,5.45,15438.88
FashionPromo_16,Google Ads,35-44,Male,2170.01,61661,4581,7.43,256,5.61,15939.18
FashionPromo_4,Instagram,55+,Female,2158.02,60223,5016,8.33,400,7.98,33808.58
FashionPromo_2,Google Ads,18-24,Female,3336.11,49933,4374,8.76,199,4.56,16537.99
FashionPromo_8,Google Ads,25-34,All,3421.95,98297,1671,1.7,139,8.34,9046.95
FashionPromo_20,Email,45-54,All,2497.64,26071,1123,4.31,59,5.27,2167.73
FashionPromo_5,Instagram,35-44,Male,2709.93,77347,1670,2.16,129,7.76,10211.71
FashionPromo_14,Facebook,25-34,All,3448.28,52430,1441,2.75,29,2.02,1115.31
FashionPromo_10,TikTok,18-24,Male,1335.41,31094,3327,10.7,273,8.23,30635.0
FashionPromo_1,TikTok,25-34,Male,996.94,15735,693,4.41,19,2.87,1744.21
FashionPromo_1,Google Ads,18-24,All,2909.99,49870,2438,4.89,204,8.37,25441.89
FashionPromo_20,TikTok,55+,Male,1885.08,53302,6119,11.48,220,3.6,15956.82
FashionPromo_13,TikTok,45-54,Male,2775.35,79992,8511,10.64,125,1.47,9640.96
FashionPromo_13,TikTok,25-34,All,2990.17,59990,1877,3.13,162,8.66,18019.73
FashionPromo_12,Instagram,18-24,All,4270.59,116054,10711,9.23,500,4.67,51632.81
FashionPromo_11,Instagram,55+,Female,1221.64,28675,851,2.97,60,7.09,3453.11
FashionPromo_17,TikTok,25-34,All,1028.98,13691,139,1.02,10,7.33,1178.88
FashionPromo_17,Instagram,18-24,Female,2817.2,37263,715,1.92,4,0.68,199.56
FashionPromo_18,Instagram,18-24,Male,4508.85,66869,3276,4.9,49,1.5,2777.48
FashionPromo_2,Email,55+,Male,2836.51,62843,2325,3.7,24,1.05,1846.17
FashionPromo_1,TikTok,25-34,Male,1553.92,22362,2585,11.56,164,6.35,15879.37
FashionPromo_7,Email,18-24,Female,2370.99,44050,3061,6.95,217,7.12,24793.88
FashionPromo_12,Email,45-54,Male,1272.62,25455,1407,5.53,123,8.77,13009.74
FashionPromo_6,TikTok,18-24,Female,2896.27,35646,2730,7.66,43,1.61,3029.99
FashionPromo_3,TikTok,45-54,Female,1142.79,27245,890,3.27,37,4.22,5086.8
FashionPromo_7,Instagram,35-44,All,1419.42,28609,1604,5.61,10,0.67,1251.31
FashionPromo_6,Email,18-24,Female,810.71,15796,1132,7.17,73,6.47,8222.41
FashionPromo_14,Google Ads,55+,All,1639.73,16724,1498,8.96,83,5.59,10817.73
FashionPromo_13,TikTok,55+,Female,4196.25,112738,7147,6.34,262,3.67,32746.59
FashionPromo_9,Google Ads,35-44,Female,2530.82,34593,3597,10.4,319,8.88,27420.34
FashionPromo_18,Facebook,25-34,Female,840.65,14927,1468,9.84,133,9.07,7237.42
FashionPromo_2,Instagram,55+,All,801.38,22075,1165,5.28,65,5.65,9500.91
FashionPromo_3,Facebook,45-54,Male,799.54,18362,334,1.82,13,4.07,1643.95
FashionPromo_20,Email,25-34,Female,2450.63,73380,5246,7.15,186,3.55,10492.88
FashionPromo_17,Email,18-24,Male,2077.34,36250,638,1.76,25,4.01,2142.72
FashionPromo_3,Instagram,35-44,All,3752.32,86808,7639,8.8,44,0.58,2469.28
FashionPromo_5,Instagram,25-34,All,3477.58,68438,725,1.06,59,8.14,7241.49
FashionPromo_7,Email,18-24,Female,2967.89,33624,3170,9.43,191,6.05,23652.52
FashionPromo_4,TikTok,35-44,Female,3882.86,101187,6779,6.7,124,1.83,13706.82
FashionPromo_15,Instagram,35-44,All,3292.13,81793,2347,2.87,55,2.35,7526.7
FashionPromo_1,Email,25-34,Female,3874.9,109134,10204,9.35,629,6.17,68243.94
FashionPromo_10,Facebook,25-34,All,4501.08,97115,7730,7.96,153,1.99,13291.19
FashionPromo_17,Email,25-34,All,3723.79,57416,1848,3.22,64,3.48,3774.72
FashionPromo_14,Google Ads,45-54,All,1467.11,27137,2982,10.99,158,5.32,8302.97
FashionPromo_10,Instagram,45-54,Male,846.37,20247,1054,5.21,87,8.31,9495.29
FashionPromo_8,Facebook,25-34,All,4083.09,63038,5433,8.62,163,3.01,23258.18
FashionPromo_11,Email,35-44,Male,3363.68,55467,2196,3.96,50,2.31,5667.85
FashionPromo_19,Google Ads,45-54,All,1484.22,32513,1271,3.91,86,6.79,10990.18
FashionPromo_6,Email,25-34,Female,4001.11,100896,3087,3.06,41,1.34,4668.83
FashionPromo_11,Google Ads,45-54,Male,2157.56,40231,539,1.34,16,2.97,544.66
FashionPromo_10,TikTok,35-44,Female,4456.34,66256,4724,7.13,41,0.87,4510.89
FashionPromo_9,TikTok,55+,Male,1953.62,54620,5882,10.77,211,3.59,29142.33
FashionPromo_5,Instagram,25-34,All,4982.71,132083,13591,10.29,390,2.87,38689.67
FashionPromo_3,Facebook,45-54,Female,802.65,9550,1145,11.99,41,3.6,4911.06
FashionPromo_6,Email,35-44,All,4129.99,112172,13426,11.97,374,2.79,13030.95
FashionPromo_7,Email,55+,Female,2350.36,29618,370,1.25,14,3.92,1736.68
FashionPromo_3,Google Ads,55+,Male,3047.81,49543,4062,8.2,109,2.7,3458.11
FashionPromo_1,Instagram,35-44,All,3939.59,88541,8313,9.39,72,0.87,9392.71
FashionPromo_2,Google Ads,35-44,Female,3287.87,69926,5503,7.87,479,8.71,48107.11
FashionPromo_19,Google Ads,45-54,Male,3114.28,92847,8653,9.32,406,4.7,46644.38
FashionPromo_15,Instagram,45-54,Female,2251.54,32821,2484,7.57,231,9.32,32685.75
FashionPromo_7,TikTok,55+,Female,2038.57,41899,1395,3.33,138,9.96,20387.31
FashionPromo_5,Instagram,18-24,All,3422.79,89294,7920,8.87,486,6.14,17691.26
FashionPromo_3,Email,18-24,Male,2546.44,59830,5055,8.45,204,4.04,29172.62
FashionPromo_6,Facebook,25-34,Female,1253.11,25071,2156,8.6,153,7.12,16499.01
FashionPromo_8,Email,55+,Female,1738.8,22820,1825,8.0,112,6.19,5770.54
FashionPromo_19,Email,45-54,All,3673.13,70169,5859,8.35,495,8.45,24931.87
FashionPromo_10,Facebook,55+,All,586.15,14994,1156,7.71,82,7.15,10707.44
FashionPromo_17,Facebook,25-34,Male,4112.65,120165,8291,6.9,426,5.14,33324.47
FashionPromo_13,Google Ads,18-24,Female,1191.61,25562,1035,4.05,95,9.25,9498.38
FashionPromo_8,Instagram,35-44,All,3167.78,54164,850,1.57,6,0.8,484.8
FashionPromo_2,Google Ads,55+,Female,880.54,19492,2083,10.69,185,8.89,20180.81
FashionPromo_14,Google Ads,18-24,Male,1450.54,39541,4250,10.75,100,2.37,11849.11
FashionPromo_2,TikTok,55+,Male,1789.34,46617,5580,11.97,44,0.79,6058.09
FashionPromo_11,Google Ads,25-34,Female,3301.84,97297,5954,6.12,509,8.55,19081.03
FashionPromo_4,Facebook,25-34,Female,2008.76,22780,2672,11.73,220,8.26,29107.25
FashionPromo_15,Facebook,55+,Male,4720.84,55243,2894,5.24,33,1.17,1824.74
FashionPromo_9,Google Ads,35-44,All,1532.15,29696,1172,3.95,17,1.46,851.68
FashionPromo_19,Facebook,25-34,Female,1162.74,34256,3202,9.35,310,9.69,25658.35
FashionPromo_1,TikTok,45-54,All,1752.66,45509,2088,4.59,69,3.34,3995.15
FashionPromo_15,Email,45-54,Female,1083.56,16393,804,4.91,55,6.9,2062.93
FashionPromo_6,TikTok,25-34,All,1447.28,37890,992,2.62,37,3.76,4949.09
FashionPromo_18,TikTok,45-54,Female,1197.16,13952,883,6.33,29,3.37,2830.66
FashionPromo_16,TikTok,18-24,Male,4117.12,52464,3877,7.39,205,5.3,9694.34
FashionPromo_19,TikTok,35-44,Male,3307.99,51183,3260,6.37,41,1.28,3491.15
FashionPromo_2,Google Ads,55+,Female,1879.09,49697,810,1.63,36,4.48,3060.42
FashionPromo_8,Google Ads,45-54,Male,3762.53,80840,6742,8.34,531,7.88,70869.57
FashionPromo_16,Instagram,35-44,All,1912.44,39703,4065,10.24,402,9.9,54970.41
FashionPromo_1,Google Ads,55+,Male,2171.6,30192,1926,6.38,145,7.55,12920.7
FashionPromo_15,Google Ads,55+,Female,2674.31,71576,3564,4.98,308,8.67,24275.51
FashionPromo_1,Facebook,18-24,Male,1977.05,37721,3542,9.39,60,1.7,3214.22
FashionPromo_7,Google Ads,55+,Female,4781.5,64597,4683,7.25,280,6.0,24851.38
FashionPromo_16,Email,35-44,All,3401.35,49647,3515,7.08,142,4.04,15534.81
FashionPromo_8,TikTok,45-54,Female,1135.51,24319,739,3.04,23,3.15,1293.64
FashionPromo_5,Instagram,35-44,Male,1322.77,35072,1451,4.14,135,9.31,19762.81
FashionPromo_12,Google Ads,35-44,All,3070.67,39488,2021,5.12,163,8.08,12076.16
FashionPromo_10,TikTok,25-34,All,891.58,18844,1940,10.3,156,8.06,7958.31
FashionPromo_4,Facebook,25-34,Male,3527.44,50830,1728,3.4,152,8.8,9113.96
FashionPromo_5,Instagram,45-54,All,1684.61,16868,1784,10.58,143,8.03,15054.96
FashionPromo_13,Google Ads,55+,Male,3876.2,50549,3053,6.04,117,3.84,4826.62
FashionPromo_10,Instagram,18-24,All,2687.59,76367,1099,1.44,35,3.27,1921.67
FashionPromo_8,Google Ads,35-44,Male,1571.66,44271,2722,6.15,134,4.93,16250.06
FashionPromo_12,Facebook,25-34,Male,1195.21,23599,1352,5.73,83,6.17,12445.59
FashionPromo_14,Email,55+,Female,3962.52,71156,7186,10.1,152,2.12,5115.66
FashionPromo_1,Facebook,18-24,Male,1420.02,23868,1580,6.62,100,6.34,13927.27
FashionPromo_2,Google Ads,18-24,Female,2794.34,55958,867,1.55,7,0.83,672.97
FashionPromo_19,Google Ads,35-44,Male,2471.8,66203,1833,2.77,13,0.74,1090.5
FashionPromo_20,Facebook,55+,All,1568.65,17243,1546,8.97,24,1.56,2471.96
FashionPromo_13,Google Ads,55+,Male,1764.72,23770,1231,5.18,99,8.11,7628.07
FashionPromo_15,Email,18-24,All,3878.46,48518,4609,9.5,126,2.75,14022.18
FashionPromo_2,Instagram,35-44,Female,3046.02,87064,4579,5.26,51,1.13,1647.23
FashionPromo_7,Instagram,25-34,Male,4220.86,86505,8243,9.53,225,2.73,16067.26
FashionPromo_2,TikTok,45-54,Male,635.47,18574,1550,8.35,145,9.37,8969.64
FashionPromo_18,Facebook,45-54,Male,3251.59,76639,3441,4.49,294,8.56,42235.86
FashionPromo_5,Facebook,45-54,Male,4481.85,111066,4498,4.05,143,3.18,20821.26
FashionPromo_7,Google Ads,25-34,Male,546.28,13286,1165,8.77,74,6.42,11012.17
FashionPromo_20,TikTok,25-34,All,1903.46,31977,597,1.87,28,4.71,1717.12
FashionPromo_1,Instagram,35-44,Female,2045.24,54590,6163,11.29,139,2.26,10383.45
FashionPromo_12,Instagram,55+,Male,4678.84,52572,1061,2.02,21,2.05,2129.94
FashionPromo_2,Google Ads,35-44,All,1177.13,34562,2042,5.91,107,5.26,6377.1
FashionPromo_13,Email,25-34,Female,2619.32,60868,5636,9.26,431,7.66,42818.53
FashionPromo_20,Instagram,55+,All,4569.62,120401,11233,9.33,115,1.03,3544.92
FashionPromo_17,TikTok,45-54,Female,1456.01,33882,1870,5.52,80,4.32,10892.03
FashionPromo_18,Facebook,35-44,All,4530.03,127672,5681,4.45,401,7.07,25100.99
FashionPromo_17,TikTok,18-24,All,1357.74,18591,884,4.76,40,4.58,5188.56
FashionPromo_7,Email,45-54,Female,1039.51,25674,1758,6.85,56,3.24,4991.75
FashionPromo_1,Email,55+,All,1849.74,40549,2339,5.77,48,2.06,2111.52
FashionPromo_15,Email,18-24,Male,2960.13,83026,3968,4.78,296,7.46,32275.65
FashionPromo_12,TikTok,35-44,Male,4692.0,123960,8962,7.23,604,6.74,83235.05
FashionPromo_19,Google Ads,55+,Male,2297.83,37996,425,1.12,35,8.35,4414.12
FashionPromo_7,Google Ads,18-24,Female,970.05,20892,1274,6.1,20,1.63,2953.36
FashionPromo_20,Facebook,55+,Male,1466.13,16632,1254,7.54,94,7.52,3185.96
FashionPromo_17,Google Ads,35-44,Female,3464.23,71521,1530,2.14,32,2.14,3141.02
FashionPromo_20,TikTok,18-24,Female,1833.61,52746,5279,10.01,519,9.84,31742.3
FashionPromo_17,Facebook,25-34,All,4863.76,90585,4366,4.82,42,0.98,1525.94
FashionPromo_5,Email,18-24,Female,3614.05,69240,2416,3.49,152,6.33,9172.13
FashionPromo_3,TikTok,45-54,Female,3099.34,53259,5357,10.06,444,8.3,38753.23
FashionPromo_8,Google Ads,18-24,Male,2078.69,35859,3535,9.86,127,3.62,6996.06
FashionPromo_9,Email,25-34,Female,881.1,17035,1073,6.3,91,8.49,5145.93
FashionPromo_9,Google Ads,25-34,Female,2214.46,57948,5829,10.06,241,4.15,20507.87
FashionPromo_16,Instagram,35-44,All,1864.79,53428,1234,2.31,115,9.37,12887.36
FashionPromo_6,Google Ads,35-44,All,2892.07,30809,1919,6.23,83,4.37,4095.74
FashionPromo_15,Instagram,25-34,Female,3453.84,101622,7296,7.18,531,7.29,20291.66
FashionPromo_8,Instagram,18-24,All,2379.5,29332,2270,7.74,213,9.42,23305.04
FashionPromo_11,Instagram,25-34,Male,845.61,14454,1020,7.06,44,4.33,5721.64
FashionPromo_11,Google Ads,35-44,Male,4166.02,92638,4733,5.11,138,2.93,5893.28
FashionPromo_17,Facebook,35-44,Male,2097.04,38299,3228,8.43,217,6.75,8335.62
FashionPromo_13,Email,35-44,Female,2278.67,31070,845,2.72,70,8.36,2452.09
FashionPromo_7,Google Ads,35-44,All,2386.32,31890,3402,10.67,196,5.79,11322.07
FashionPromo_5,Email,18-24,All,2760.92,68000,7847,11.54,203,2.59,27677.39
FashionPromo_6,Facebook,25-34,Male,4704.37,133267,10648,7.99,689,6.48,54007.46
FashionPromo_15,Google Ads,55+,Female,3885.79,80147,6772,8.45,309,4.57,36393.89
FashionPromo_12,Email,18-24,All,4210.12,54431,5530,10.16,311,5.63,40852.93
FashionPromo_19,TikTok,18-24,Female,2440.86,42912,4750,11.07,137,2.89,17988.85
FashionPromo_1,Email,45-54,All,2678.09,54316,2384,4.39,141,5.94,9732.57
FashionPromo_6,TikTok,45-54,All,676.71,10448,111,1.07,10,9.79,1458.9
FashionPromo_16,Google Ads,35-44,All,2278.2,55969,2686,4.8,184,6.88,23303.9
FashionPromo_8,Google Ads,18-24,Male,4760.4,85707,8245,9.62,249,3.03,37061.13
FashionPromo_14,Google Ads,45-54,Male,615.96,13594,1121,8.25,78,7.04,3466.83
FashionPromo_17,Facebook,55+,All,4723.38,64349,5051,7.85,132,2.62,8826.31
FashionPromo_4,Facebook,18-24,Female,2959.06,54280,1498,2.76,31,2.12,2485.5
FashionPromo_1,Email,45-54,Male,3907.77,109258,2108,1.93,89,4.23,3740.62
FashionPromo_11,Facebook,55+,Female,574.67,13352,1018,7.63,20,2.05,1161.15
FashionPromo_8,TikTok,55+,Female,606.68,16197,1898,11.72,33,1.79,1906.64
FashionPromo_13,Google Ads,55+,All,4407.84,125752,7067,5.62,69,0.98,2396.16
FashionPromo_10,Google Ads,18-24,All,3082.77,55051,726,1.32,43,6.04,1348.32
FashionPromo_17,Email,45-54,All,4043.17,65210,939,1.44,57,6.09,4430.16
FashionPromo_2,TikTok,55+,All,4882.1,101957,4108,4.03,297,7.24,18585.97
FashionPromo_16,Google Ads,45-54,All,4569.09,79933,5635,7.05,55,0.98,4462.4
FashionPromo_20,TikTok,45-54,Male,4245.64,110866,3847,3.47,101,2.65,12935.74
FashionPromo_13,Google Ads,45-54,All,4686.79,55806,3320,5.95,123,3.71,16541.36
FashionPromo_12,Email,55+,Male,875.86,12456,1155,9.28,11,0.99,980.15
FashionPromo_14,Instagram,45-54,Female,2489.48,41544,2218,5.34,122,5.53,6022.42
FashionPromo_4,Instagram,45-54,Male,3073.98,80257,7512,9.36,147,1.96,7042.76
FashionPromo_19,Email,25-34,Female,1706.78,29393,1613,5.49,112,6.96,4121.79
FashionPromo_13,Email,55+,Female,656.03,11702,1014,8.67,23,2.34,2460.55
FashionPromo_9,Email,18-24,Male,1669.23,46273,5020,10.85,166,3.32,9561.48
FashionPromo_13,Google Ads,18-24,All,2350.87,34817,2924,8.4,244,8.35,27028.14
FashionPromo_2,TikTok,35-44,Female,4209.58,75519,2054,2.72,154,7.51,11281.57
FashionPromo_18,Google Ads,45-54,Male,3520.72,54264,1025,1.89,101,9.93,4923.16
FashionPromo_17,TikTok,55+,Female,4947.89,146188,14224,9.73,961,6.76,95462.71
FashionPromo_1,Instagram,25-34,Female,4397.46,69430,4263,6.14,271,6.38,21501.91
FashionPromo_16,Instagram,25-34,Female,2423.69,40247,2901,7.21,248,8.58,13437.48
FashionPromo_11,Instagram,55+,Male,4704.95,111891,11256,10.06,650,5.78,80302.3
FashionPromo_8,Email,55+,Female,572.9,15106,217,1.44,19,8.95,2831.68
FashionPromo_1,Email,45-54,Female,1823.3,25902,2439,9.42,70,2.9,9370.72
FashionPromo_2,Instagram,25-34,Female,962.79,12053,1418,11.77,97,6.9,12767.77
FashionPromo_12,Google Ads,35-44,Female,1959.48,46105,3476,7.54,216,6.23,24171.24
FashionPromo_2,Instagram,55+,Female,3089.12,57399,2318,4.04,180,7.8,10287.48
FashionPromo_17,Instagram,35-44,Female,3615.59,53028,4178,7.88,317,7.6,17829.88
FashionPromo_18,Google Ads,18-24,All,769.74,9713,744,7.67,63,8.57,2230.18
FashionPromo_1,Email,25-34,Male,3803.68,64002,4006,6.26,373,9.32,26049.04
FashionPromo_2,Email,45-54,All,2594.02,26650,506,1.9,14,2.96,466.79
FashionPromo_12,TikTok,25-34,Male,3341.19,61905,4351,7.03,93,2.16,6092.6
FashionPromo_7,Facebook,25-34,Female,3487.21,102196,1584,1.55,141,8.96,13990.83
FashionPromo_19,Instagram,45-54,Female,3037.64,60769,1069,1.76,14,1.35,1429.53
FashionPromo_1,TikTok,35-44,Male,2034.31,57663,3154,5.47,58,1.86,6714.44
FashionPromo_16,Email,35-44,Female,1820.09,37328,3240,8.68,293,9.05,36643.44
FashionPromo_13,Facebook,45-54,Male,3543.62,83603,9539,11.41,315,3.31,9492.04
FashionPromo_18,Google Ads,55+,Female,1723.8,24750,2049,8.28,133,6.52,13461.64
FashionPromo_11,TikTok,55+,Female,573.1,14084,642,4.56,43,6.82,4161.94
FashionPromo_16,TikTok,25-34,All,2042.29,25919,528,2.04,44,8.4,6169.14
FashionPromo_7,Email,55+,Female,3424.05,41323,2239,5.42,166,7.42,20514.03
FashionPromo_4,TikTok,55+,All,1031.98,10320,911,8.83,35,3.89,2118.82
FashionPromo_10,Facebook,18-24,Female,558.04,11610,1202,10.36,115,9.6,11257.28
FashionPromo_18,Email,55+,Female,2815.08,32939,2318,7.04,95,4.11,9771.34
FashionPromo_12,Google Ads,55+,All,2249.27,33302,679,2.04,23,3.49,956.74
FashionPromo_8,Instagram,35-44,All,1296.04,38552,2270,5.89,125,5.55,16854.28
FashionPromo_16,Email,45-54,Female,4980.06,107839,10719,9.94,386,3.61,25742.06
FashionPromo_10,Instagram,25-34,Female,2312.17,54220,4608,8.5,160,3.49,7357.63
FashionPromo_9,Google Ads,55+,Male,3345.78,42044,3094,7.36,219,7.09,24982.07
FashionPromo_11,Email,45-54,All,3890.62,106825,6943,6.5,516,7.44,53819.18
FashionPromo_19,Facebook,35-44,Male,1339.88,14087,581,4.13,27,4.71,2809.42
FashionPromo_6,Facebook,35-44,Female,4324.82,60222,1433,2.38,138,9.65,5929.22
FashionPromo_6,Facebook,45-54,Female,2653.21,57604,4009,6.96,52,1.32,1915.85
FashionPromo_18,TikTok,35-44,All,974.68,21162,1479,6.99,40,2.72,4261.32
FashionPromo_5,Email,45-54,All,4190.3,45387,2941,6.48,207,7.05,12477.43
FashionPromo_10,Facebook,25-34,Female,1884.97,41983,4567,10.88,374,8.19,37390.88
FashionPromo_9,TikTok,35-44,All,3786.0,65484,5271,8.05,259,4.93,13673.22
FashionPromo_10,Instagram,55+,All,3657.82,77287,3817,4.94,349,9.16,11346.72
FashionPromo_13,TikTok,25-34,Female,1920.98,21395,2017,9.43,144,7.17,10045.77
FashionPromo_8,Google Ads,25-34,Female,3540.48,63440,5912,9.32,284,4.81,22570.49
FashionPromo_3,Google Ads,25-34,All,4706.28,70676,1639,2.32,99,6.05,14485.54
FashionPromo_3,Facebook,25-34,All,2200.28,24732,1169,4.73,62,5.31,3064.71
FashionPromo_4,Google Ads,25-34,Male,3461.46,103687,6190,5.97,239,3.87,18662.2
FashionPromo_18,Email,55+,All,1018.16,28167,1566,5.56,65,4.18,7095.58
FashionPromo_20,TikTok,18-24,All,2489.15,57162,960,1.68,79,8.23,11285.98
FashionPromo_16,Email,25-34,Male,3419.44,99476,2656,2.67,133,5.04,13594.84
FashionPromo_12,TikTok,35-44,Male,3117.81,56211,2653,4.72,45,1.7,3465.41
FashionPromo_18,Google Ads,55+,Male,1231.97,30414,1003,3.3,10,1.06,962.84
FashionPromo_15,Facebook,18-24,Female,3178.53,87213,6410,7.35,242,3.78,30579.47
FashionPromo_11,TikTok,35-44,All,2931.26,33960,2451,7.22,223,9.13,17295.33
FashionPromo_17,Email,45-54,Female,1833.47,23595,629,2.67,28,4.61,2841.48
FashionPromo_4,Email,25-34,Female,862.77,24840,2312,9.31,140,6.07,18117.77
FashionPromo_2,Facebook,18-24,Male,860.84,16818,1333,7.93,111,8.37,13765.81
FashionPromo_13,Instagram,25-34,Male,1746.81,50338,1193,2.37,105,8.81,15383.85
FashionPromo_10,Facebook,55+,All,1297.19,31705,456,1.44,19,4.35,1747.13
FashionPromo_19,Instagram,55+,All,3112.9,89398,7500,8.39,380,5.07,48321.18
FashionPromo_20,Email,35-44,All,4777.4,49882,5891,11.81,77,1.32,9834.93
FashionPromo_3,Email,55+,Female,1761.51,22271,1300,5.84,86,6.62,6511.42
FashionPromo_3,TikTok,55+,Female,745.54,16393,1791,10.93,74,4.14,4141.04
FashionPromo_19,Google Ads,18-24,Female,2491.6,27326,2740,10.03,228,8.35,22927.69
FashionPromo_6,TikTok,35-44,Female,2088.96,54303,3855,7.1,321,8.35,33953.79
FashionPromo_10,Google Ads,35-44,Female,4029.82,88540,4922,5.56,472,9.6,44808.69
FashionPromo_11,Google Ads,55+,Female,3222.9,46441,3659,7.88,216,5.93,11271.01
FashionPromo_14,TikTok,45-54,Female,768.14,16966,1594,9.4,87,5.47,4977.51
FashionPromo_13,Google Ads,55+,Female,3499.35,40599,2379,5.86,48,2.05,2502.48
FashionPromo_18,Email,35-44,Female,1410.32,25010,390,1.56,16,4.28,1462.48
FashionPromo_14,Email,18-24,All,2674.82,47225,4831,10.23,90,1.88,8161.52
FashionPromo_2,TikTok,18-24,Female,779.19,8900,650,7.31,38,5.88,5143.83
FashionPromo_19,TikTok,55+,Male,3010.43,87891,1353,1.54,19,1.43,670.47
FashionPromo_16,Google Ads,18-24,Female,1333.75,27775,2249,8.1,20,0.93,2870.33
FashionPromo_8,Email,35-44,Female,4289.74,68345,1264,1.85,26,2.11,1176.07
FashionPromo_20,Instagram,45-54,Female,1054.78,21487,795,3.7,31,3.9,4610.96
FashionPromo_10,Facebook,55+,Male,3579.41,103729,2665,2.57,110,4.13,10622.46
FashionPromo_2,Instagram,45-54,Male,845.41,8524,713,8.37,47,6.6,3726.85
FashionPromo_16,Facebook,25-34,Male,2703.4,49496,623,1.26,22,3.69,1127.5
FashionPromo_5,Google Ads,55+,Female,942.91,27471,2085,7.59,154,7.42,10447.92
FashionPromo_9,Instagram,45-54,Female,2269.16,33443,692,2.07,15,2.2,1885.53
FashionPromo_2,Instagram,35-44,Male,3548.96,74310,4629,6.23,428,9.26,16575.67
FashionPromo_6,Instagram,55+,All,1762.7,29963,2879,9.61,285,9.93,16780.93
FashionPromo_4,Facebook,35-44,Female,4434.38,118009,4094,3.47,175,4.29,13853.13
FashionPromo_14,TikTok,18-24,Male,4901.99,66754,6535,9.79,239,3.67,28131.36
FashionPromo_11,TikTok,45-54,Female,2390.05,51546,5237,10.16,426,8.14,57071.55
FashionPromo_20,Facebook,25-34,Male,768.28,18316,465,2.54,20,4.45,1916.61
FashionPromo_6,Instagram,45-54,All,2312.33,47153,5639,11.96,100,1.78,11105.47
FashionPromo_16,TikTok,55+,Female,2282.0,28890,794,2.75,75,9.52,10166.41
FashionPromo_11,Google Ads,45-54,Male,4581.69,136674,4496,3.29,174,3.88,19193.29
FashionPromo_13,Facebook,25-34,Female,2677.11,49172,2429,4.94,149,6.14,14761.61
FashionPromo_10,TikTok,25-34,Male,1226.56,23837,1690,7.09,100,5.92,5521.29
FashionPromo_20,Google Ads,25-34,Male,3840.22,40337,1976,4.9,156,7.91,15236.08
FashionPromo_18,Google Ads,45-54,Male,1675.23,40036,2898,7.24,233,8.06,27541.3
FashionPromo_9,Email,25-34,Female,3245.49,64142,1584,2.47,47,2.98,3773.72
FashionPromo_17,Google Ads,35-44,Male,3196.85,64813,2702,4.17,15,0.56,1343.23
FashionPromo_9,Facebook,25-34,All,1785.32,44083,555,1.26,33,6.06,4718.24
FashionPromo_7,Google Ads,18-24,Male,1284.84,24968,501,2.01,32,6.44,3074.04
FashionPromo_6,Email,55+,Female,2333.14,47660,5175,10.86,122,2.36,3990.34
FashionPromo_16,Google Ads,35-44,Female,4377.49,94301,10184,10.8,628,6.17,79893.74
FashionPromo_3,Instagram,18-24,All,2433.53,60831,6715,11.04,398,5.94,20574.3
FashionPromo_4,Instagram,35-44,Female,1709.59,23887,888,3.72,30,3.41,2898.48
FashionPromo_19,Google Ads,18-24,All,3145.96,58294,4529,7.77,57,1.27,2310.47
FashionPromo_15,Email,35-44,Male,1273.23,25924,868,3.35,27,3.19,2107.01
FashionPromo_9,Email,45-54,All,4153.4,42685,3474,8.14,237,6.85,29823.77
FashionPromo_5,Email,55+,Male,4697.39,48865,1314,2.69,117,8.92,9947.6
FashionPromo_3,Google Ads,45-54,Male,3040.66,70727,5990,8.47,560,9.35,83795.0
FashionPromo_10,TikTok,18-24,Male,3740.71,58895,6289,10.68,61,0.97,3521.51
FashionPromo_2,Email,55+,Female,4538.24,68635,2354,3.43,42,1.81,5589.92
FashionPromo_16,Facebook,55+,Male,2750.26,64625,2345,3.63,180,7.7,21816.12
FashionPromo_16,Instagram,45-54,All,1906.69,34727,1149,3.31,112,9.78,12036.9
FashionPromo_1,Email,35-44,All,4705.45,75605,7258,9.6,564,7.78,63731.25
FashionPromo_1,Facebook,55+,Male,4845.38,86592,2112,2.44,145,6.88,17039.99
FashionPromo_17,Facebook,18-24,All,3087.77,43649,2859,6.55,99,3.47,8048.3
FashionPromo_17,Google Ads,25-34,All,3403.48,84761,3009,3.55,130,4.35,8098.92
FashionPromo_8,Email,18-24,Male,1393.84,35776,3935,11.0,158,4.02,18984.25
FashionPromo_3,Google Ads,18-24,Female,4536.48,122133,3676,3.01,352,9.58,26470.81
FashionPromo_6,Google Ads,18-24,Female,2026.58,22796,1447,6.35,22,1.54,1316.15
FashionPromo_14,Instagram,55+,Female,1926.24,50422,5359,10.63,180,3.37,23947.88
FashionPromo_18,Google Ads,45-54,All,4357.54,110215,2876,2.61,203,7.06,29110.79
FashionPromo_13,Google Ads,25-34,Male,3571.43,59401,3867,6.51,256,6.63,23364.72
FashionPromo_2,Google Ads,25-34,Male,1039.79,16887,1659,9.83,144,8.68,6692.54
FashionPromo_6,Instagram,18-24,Female,4785.74,79330,6576,8.29,502,7.64,63971.64
FashionPromo_20,Email,45-54,Male,4755.87,77322,8072,10.44,141,1.75,16159.29
FashionPromo_17,TikTok,55+,All,3838.9,90423,3417,3.78,300,8.79,15078.9
FashionPromo_1,Instagram,45-54,Female,741.36,18051,1124,6.23,96,8.57,7296.74
FashionPromo_4,Facebook,35-44,Male,1257.25,33604,2365,7.04,54,2.3,6288.09
FashionPromo_6,Google Ads,55+,All,2800.01,61841,3753,6.07,314,8.37,40677.92
FashionPromo_13,Google Ads,55+,All,3692.25,44705,4573,10.23,314,6.87,35683.87
FashionPromo_2,TikTok,25-34,Female,2133.42,58851,5284,8.98,82,1.57,6472.54
FashionPromo_12,Email,55+,Female,4488.71,49124,5688,11.58,395,6.95,41777.22
FashionPromo_6,Facebook,18-24,Male,1717.52,25721,2921,11.36,97,3.33,11936.88
FashionPromo_17,Instagram,35-44,Male,2269.05,29009,324,1.12,18,5.67,2647.68
FashionPromo_6,TikTok,18-24,All,2161.11,37049,1774,4.79,96,5.45,7956.46
FashionPromo_3,Email,25-34,All,4459.62,89684,5910,6.59,106,1.81,15680.45
FashionPromo_16,Instagram,45-54,All,1624.88,18632,1544,8.29,95,6.16,7582.66
FashionPromo_15,Email,25-34,Male,2399.87,61679,1942,3.15,160,8.29,17255.94
FashionPromo_5,Email,35-44,Female,2385.36,45704,1745,3.82,133,7.65,12175.48
FashionPromo_14,Google Ads,18-24,Female,1943.85,42611,5092,11.95,235,4.63,33013.5
FashionPromo_9,Instagram,25-34,Male,2052.58,22772,740,3.25,33,4.48,1859.75
FashionPromo_15,Instagram,45-54,All,501.02,14178,1457,10.28,110,7.55,5515.15
FashionPromo_13,Facebook,35-44,Male,1041.64,11824,1059,8.96,98,9.32,8003.1
FashionPromo_2,Instagram,55+,Male,1036.13,20979,1015,4.84,41,4.06,4286.95
FashionPromo_5,Facebook,25-34,Female,3734.23,45602,633,1.39,62,9.95,3591.5
FashionPromo_6,Email,35-44,All,742.24,10241,146,1.43,6,4.22,757.73
FashionPromo_15,Facebook,25-34,Male,2035.6,38439,3240,8.43,172,5.33,22940.24
FashionPromo_9,Instagram,18-24,Female,4397.16,44843,4286,9.56,209,4.88,31070.12
FashionPromo_13,Instagram,25-34,Female,2674.54,79535,7396,9.3,211,2.86,19962.16
FashionPromo_6,Email,35-44,Male,4964.61,134792,2790,2.07,201,7.21,14365.38
FashionPromo_14,Google Ads,35-44,Female,531.42,9602,343,3.58,28,8.28,1973.43
FashionPromo_1,TikTok,25-34,All,4223.86,42289,1856,4.39,51,2.79,2959.43
FashionPromo_2,Email,35-44,All,806.84,11087,788,7.11,25,3.27,2002.18
FashionPromo_9,Email,35-44,Female,2195.9,60426,6622,10.96,343,5.18,23879.22
FashionPromo_20,Google Ads,55+,Male,980.6,28504,473,1.66,15,3.33,986.52
FashionPromo_9,Instagram,18-24,All,1941.81,25798,2479,9.61,41,1.66,4353.74
FashionPromo_13,Email,18-24,Male,1057.31,12064,1327,11.0,30,2.31,3856.5
FashionPromo_3,Instagram,35-44,Male,2950.84,34103,3925,11.51,111,2.85,14780.48
FashionPromo_9,Email,35-44,Female,1259.65,34109,392,1.15,21,5.36,2569.0
FashionPromo_10,Google Ads,35-44,Female,4706.58,132650,13291,10.02,1188,8.94,64040.76
FashionPromo_17,Instagram,45-54,Male,1778.83,28068,1445,5.15,61,4.24,5816.14
FashionPromo_13,TikTok,55+,Male,1219.46,29053,825,2.84,28,3.45,2531.24
FashionPromo_18,Email,55+,All,4083.98,101239,8200,8.1,162,1.98,15494.56
FashionPromo_14,Email,35-44,All,893.51,15678,870,5.55,7,0.88,440.15
FashionPromo_20,Email,25-34,Female,4800.42,139560,6810,4.88,61,0.91,3140.97
FashionPromo_16,TikTok,35-44,Female,2264.98,65583,1672,2.55,129,7.75,5552.41
FashionPromo_16,TikTok,18-24,Female,4915.66,86674,8260,9.53,309,3.75,32543.96
FashionPromo_19,Google Ads,25-34,All,1364.07,17624,1995,11.32,183,9.22,24978.82
FashionPromo_9,Google Ads,45-54,Male,3314.45,86723,1526,1.76,56,3.68,3788.08
FashionPromo_1,Google Ads,35-44,Male,3360.4,57527,1512,2.63,93,6.17,11878.52
FashionPromo_13,Email,55+,Female,2219.56,28067,886,3.16,24,2.76,1583.71
FashionPromo_12,TikTok,18-24,Female,3392.58,74700,6469,8.66,254,3.94,32735.45
FashionPromo_8,Facebook,55+,All,1418.39,27489,2696,9.81,59,2.21,2547.83
FashionPromo_4,TikTok,45-54,Female,4476.58,75468,6429,8.52,47,0.74,5301.86
FashionPromo_9,TikTok,25-34,Female,1922.46,21367,1647,7.71,45,2.79,3438.76
FashionPromo_15,Instagram,55+,All,862.61,11164,477,4.28,6,1.35,835.79
FashionPromo_9,Google Ads,25-34,Female,527.21,10374,244,2.36,8,3.42,1129.02
FashionPromo_13,Instagram,18-24,All,1227.63,35989,1173,3.26,88,7.54,8412.91
FashionPromo_1,Email,45-54,All,4480.15,94440,6497,6.88,153,2.36,7641.97
FashionPromo_1,Facebook,18-24,Male,4624.2,76561,3896,5.09,300,7.72,21197.65
FashionPromo_1,Facebook,45-54,Male,4784.28,118451,8966,7.57,795,8.87,28582.4
FashionPromo_2,Google Ads,45-54,All,1656.78,31977,1119,3.5,84,7.57,11785.62
FashionPromo_13,Facebook,55+,Male,2406.97,40539,4694,11.58,222,4.73,19688.25
FashionPromo_4,Email,45-54,Female,2082.42,58705,4261,7.26,329,7.74,41920.13
FashionPromo_10,Google Ads,55+,Male,2038.32,38063,3931,10.33,155,3.95,19417.19
FashionPromo_11,Email,55+,Female,4734.47,106356,9742,9.16,793,8.15,104203.97
FashionPromo_3,Google Ads,18-24,Male,2277.74,25112,1361,5.42,93,6.9,7815.91
FashionPromo_16,Email,45-54,All,3870.33,66336,5293,7.98,120,2.27,14390.92
FashionPromo_18,TikTok,45-54,Female,2955.63,41619,1752,4.21,133,7.61,11692.32
FashionPromo_3,Facebook,45-54,Male,1472.14,43200,3831,8.87,367,9.59,29819.71
FashionPromo_10,Facebook,18-24,Male,2637.95,73754,5000,6.78,361,7.22,21754.13
FashionPromo_8,Facebook,45-54,Female,2510.27,31300,1023,3.27,5,0.51,173.56
FashionPromo_18,TikTok,55+,Male,4897.78,72717,6035,8.3,511,8.47,49096.5
FashionPromo_4,Google Ads,45-54,Female,1189.15,29208,2219,7.6,165,7.45,20190.98
FashionPromo_18,Email,25-34,Female,4889.35,104980,4997,4.76,332,6.66,12686.68
FashionPromo_3,TikTok,35-44,All,4538.29,56218,2591,4.61,213,8.25,21657.3
